heldout_dataset,backbone,variant,mAP,k,tau,lambda_min,lambda_max,rounds
esb,CLIP_L14,baseline,0.5577324308162819,5,0.2,0.0,0.7,2
esb,CLIP_L14,query_only,0.5568964957904622,5,0.2,0.0,0.7,2
esb,CLIP_L14,target_only,0.6188819267617802,5,0.2,0.0,0.7,2
esb,CLIP_L14,simultaneous,0.6203155820239249,5,0.2,0.0,0.7,2
esb,CLIP_L14,alternating_fixed,0.62531438679334,5,0.2,0.0,0.7,2
esb,CLIP_L14,pong_adaptive,0.6302641824188077,5,0.2,0.0,0.7,2
esb,OpenCLIP_L14,baseline,0.6234993357453689,5,0.2,0.0,0.7,2
esb,OpenCLIP_L14,query_only,0.6304420824844692,5,0.2,0.0,0.7,2
esb,OpenCLIP_L14,target_only,0.6758570852733716,5,0.2,0.0,0.7,2
esb,OpenCLIP_L14,simultaneous,0.6862091951834801,5,0.2,0.0,0.7,2
esb,OpenCLIP_L14,alternating_fixed,0.6939656482147606,5,0.2,0.0,0.7,2
esb,OpenCLIP_L14,pong_adaptive,0.6981456766147937,5,0.2,0.0,0.7,2
esb,DINOv2,baseline,0.5914839006203799,5,0.2,0.0,0.7,2
esb,DINOv2,query_only,0.5831536238614264,5,0.2,0.0,0.7,2
esb,DINOv2,target_only,0.6126248271327761,5,0.2,0.0,0.7,2
esb,DINOv2,simultaneous,0.616580711668177,5,0.2,0.0,0.7,2
esb,DINOv2,alternating_fixed,0.6230467181610384,5,0.2,0.0,0.7,2
esb,DINOv2,pong_adaptive,0.6241169216445098,5,0.2,0.0,0.7,2
ntu,CLIP_L14,baseline,0.5820147936202443,5,0.2,0.0,0.7,2
ntu,CLIP_L14,query_only,0.5901284064938156,5,0.2,0.0,0.7,2
ntu,CLIP_L14,target_only,0.6137793672501718,5,0.2,0.0,0.7,2
ntu,CLIP_L14,simultaneous,0.6250118213254598,5,0.2,0.0,0.7,2
ntu,CLIP_L14,alternating_fixed,0.6371755981166256,5,0.2,0.0,0.7,2
ntu,CLIP_L14,pong_adaptive,0.6289085186505249,5,0.2,0.0,0.7,2
ntu,OpenCLIP_L14,baseline,0.6450350294713222,5,0.2,0.0,0.7,2
ntu,OpenCLIP_L14,query_only,0.6573648267301972,5,0.2,0.0,0.7,2
ntu,OpenCLIP_L14,target_only,0.6791169028216684,5,0.2,0.0,0.7,2
ntu,OpenCLIP_L14,simultaneous,0.6992525800153594,5,0.2,0.0,0.7,2
ntu,OpenCLIP_L14,alternating_fixed,0.6994566318434483,5,0.2,0.0,0.7,2
ntu,OpenCLIP_L14,pong_adaptive,0.7008584664549247,5,0.2,0.0,0.7,2
ntu,DINOv2,baseline,0.5980231592810233,5,0.2,0.0,0.7,2
ntu,DINOv2,query_only,0.6203276042372605,5,0.2,0.0,0.7,2
ntu,DINOv2,target_only,0.6348594442602977,5,0.2,0.0,0.7,2
ntu,DINOv2,simultaneous,0.6569899371815466,5,0.2,0.0,0.7,2
ntu,DINOv2,alternating_fixed,0.6584898263996637,5,0.2,0.0,0.7,2
ntu,DINOv2,pong_adaptive,0.6606099330727522,5,0.2,0.0,0.7,2
abo,CLIP_L14,baseline,0.5925097964500053,5,0.2,0.0,0.7,2
abo,CLIP_L14,query_only,0.6169135349923718,5,0.2,0.0,0.7,2
abo,CLIP_L14,target_only,0.6182106102821896,5,0.2,0.0,0.7,2
abo,CLIP_L14,simultaneous,0.6491709603744048,5,0.2,0.0,0.7,2
abo,CLIP_L14,alternating_fixed,0.6547760616262608,5,0.2,0.0,0.7,2
abo,CLIP_L14,pong_adaptive,0.6563578039601321,5,0.2,0.0,0.7,2
abo,OpenCLIP_L14,baseline,0.6294085317484273,5,0.2,0.0,0.7,2
abo,OpenCLIP_L14,query_only,0.6510115024386539,5,0.2,0.0,0.7,2
abo,OpenCLIP_L14,target_only,0.6741109395680367,5,0.2,0.0,0.7,2
abo,OpenCLIP_L14,simultaneous,0.6985009271177658,5,0.2,0.0,0.7,2
abo,OpenCLIP_L14,alternating_fixed,0.6943599003453168,5,0.2,0.0,0.7,2
abo,OpenCLIP_L14,pong_adaptive,0.7046968741438364,5,0.2,0.0,0.7,2
abo,DINOv2,baseline,0.6231118674960745,5,0.2,0.0,0.7,2
abo,DINOv2,query_only,0.6379316641215399,5,0.2,0.0,0.7,2
abo,DINOv2,target_only,0.6557481816194152,5,0.2,0.0,0.7,2
abo,DINOv2,simultaneous,0.6768019528715057,5,0.2,0.0,0.7,2
abo,DINOv2,alternating_fixed,0.673953193473097,5,0.2,0.0,0.7,2
abo,DINOv2,pong_adaptive,0.6763183049438112,5,0.2,0.0,0.7,2
mn40,CLIP_L14,baseline,0.5230931950369779,5,0.2,0.1,0.5,2
mn40,CLIP_L14,query_only,0.5813308390949935,5,0.2,0.1,0.5,2
mn40,CLIP_L14,target_only,0.6198255841088113,5,0.2,0.1,0.5,2
mn40,CLIP_L14,simultaneous,0.6578277978629069,5,0.2,0.1,0.5,2
mn40,CLIP_L14,alternating_fixed,0.654047846828443,5,0.2,0.1,0.5,2
mn40,CLIP_L14,pong_adaptive,0.6704875755108449,5,0.2,0.1,0.5,2
mn40,OpenCLIP_L14,baseline,0.668125674586142,5,0.2,0.1,0.5,2
mn40,OpenCLIP_L14,query_only,0.6912204488094218,5,0.2,0.1,0.5,2
mn40,OpenCLIP_L14,target_only,0.7347906094979495,5,0.2,0.1,0.5,2
mn40,OpenCLIP_L14,simultaneous,0.75508936389613,5,0.2,0.1,0.5,2
mn40,OpenCLIP_L14,alternating_fixed,0.7485565085865032,5,0.2,0.1,0.5,2
mn40,OpenCLIP_L14,pong_adaptive,0.7608242306927641,5,0.2,0.1,0.5,2
mn40,DINOv2,baseline,0.6265300769741111,5,0.2,0.1,0.5,2
mn40,DINOv2,query_only,0.6486461233193035,5,0.2,0.1,0.5,2
mn40,DINOv2,target_only,0.6888429479496903,5,0.2,0.1,0.5,2
mn40,DINOv2,simultaneous,0.7120518510401282,5,0.2,0.1,0.5,2
mn40,DINOv2,alternating_fixed,0.7062819251983508,5,0.2,0.1,0.5,2
mn40,DINOv2,pong_adaptive,0.716823875364941,5,0.2,0.1,0.5,2
