heldout_dataset,grid_index,development_rank,development_mean_mAP,topk,tau,lam_min,lam_max,n_iter
esb,0,21,0.6809574574848676,5,0.1,0.0,0.5,2
esb,1,13,0.6822422078425484,5,0.1,0.0,0.7,2
esb,2,29,0.6782985153535481,5,0.1,0.0,0.9,2
esb,3,17,0.6814917867681975,5,0.1,0.1,0.5,2
esb,4,15,0.681718657832082,5,0.1,0.1,0.7,2
esb,5,30,0.6772372076254732,5,0.1,0.1,0.9,2
esb,6,6,0.6854647971319854,5,0.2,0.0,0.5,2
esb,7,1,0.6882348757731938,5,0.2,0.0,0.7,2
esb,8,12,0.6824302264576529,5,0.2,0.0,0.9,2
esb,9,5,0.6863724844185856,5,0.2,0.1,0.5,2
esb,10,2,0.6877942683649272,5,0.2,0.1,0.7,2
esb,11,20,0.6810822846784601,5,0.2,0.1,0.9,2
esb,12,23,0.6801321609127206,7,0.1,0.0,0.5,2
esb,13,10,0.6836048113841089,7,0.1,0.0,0.7,2
esb,14,22,0.6806201317056739,7,0.1,0.0,0.9,2
esb,15,16,0.6816704416468988,7,0.1,0.1,0.5,2
esb,16,8,0.6836961304559817,7,0.1,0.1,0.7,2
esb,17,25,0.6800323488460791,7,0.1,0.1,0.9,2
esb,18,9,0.6836892037471634,7,0.2,0.0,0.5,2
esb,19,4,0.6876604233236058,7,0.2,0.0,0.7,2
esb,20,11,0.6826988117278184,7,0.2,0.0,0.9,2
esb,21,7,0.6852291390564628,7,0.2,0.1,0.5,2
esb,22,3,0.6877872386365649,7,0.2,0.1,0.7,2
esb,23,14,0.6822013072530239,7,0.2,0.1,0.9,2
esb,24,33,0.6768598929304123,10,0.1,0.0,0.5,2
esb,25,19,0.6813063074729516,10,0.1,0.0,0.7,2
esb,26,32,0.6770779098064876,10,0.1,0.0,0.9,2
esb,27,28,0.6786061018649654,10,0.1,0.1,0.5,2
esb,28,18,0.6814098156705123,10,0.1,0.1,0.7,2
esb,29,31,0.6772035102472498,10,0.1,0.1,0.9,2
esb,30,34,0.6767649714976111,10,0.2,0.0,0.5,2
esb,31,27,0.6792510531348461,10,0.2,0.0,0.7,2
esb,32,40,0.6698107892570788,10,0.2,0.0,0.9,2
esb,33,26,0.679411006652392,10,0.2,0.1,0.5,2
esb,34,24,0.6800587362813422,10,0.2,0.1,0.7,2
esb,35,41,0.6694382109863419,10,0.2,0.1,0.9,2
esb,36,38,0.6708826249693999,15,0.1,0.0,0.5,2
esb,37,36,0.6738885712455883,15,0.1,0.0,0.7,2
esb,38,45,0.6645397559698532,15,0.1,0.0,0.9,2
esb,39,37,0.6737090280716755,15,0.1,0.1,0.5,2
esb,40,35,0.6750486753214289,15,0.1,0.1,0.7,2
esb,41,46,0.6642854543314417,15,0.1,0.1,0.9,2
esb,42,43,0.666779964579828,15,0.2,0.0,0.5,2
esb,43,44,0.6661020697209918,15,0.2,0.0,0.7,2
esb,44,47,0.6462729872969117,15,0.2,0.0,0.9,2
esb,45,39,0.6702487252086533,15,0.2,0.1,0.5,2
esb,46,42,0.6672505456447329,15,0.2,0.1,0.7,2
esb,47,48,0.6453908864002271,15,0.2,0.1,0.9,2
ntu,0,24,0.6737566018325123,5,0.1,0.0,0.5,2
ntu,1,17,0.6756679392165146,5,0.1,0.0,0.7,2
ntu,2,28,0.6722805973274187,5,0.1,0.0,0.9,2
ntu,3,22,0.6742355900771786,5,0.1,0.1,0.5,2
ntu,4,18,0.6755537017667081,5,0.1,0.1,0.7,2
ntu,5,32,0.6711200243658323,5,0.1,0.1,0.9,2
ntu,6,6,0.6808420223782714,5,0.2,0.0,0.5,2
ntu,7,1,0.6840293049398505,5,0.2,0.0,0.7,2
ntu,8,8,0.6779243943798513,5,0.2,0.0,0.9,2
ntu,9,4,0.6817120451041883,5,0.2,0.1,0.5,2
ntu,10,2,0.6839392561638219,5,0.2,0.1,0.7,2
ntu,11,10,0.6771982440644304,5,0.2,0.1,0.9,2
ntu,12,26,0.6726737808543597,7,0.1,0.0,0.5,2
ntu,13,13,0.6760253156266337,7,0.1,0.0,0.7,2
ntu,14,25,0.6730364892525089,7,0.1,0.0,0.9,2
ntu,15,23,0.6739263073541137,7,0.1,0.1,0.5,2
ntu,16,14,0.6760191326886958,7,0.1,0.1,0.7,2
ntu,17,27,0.6724941649674718,7,0.1,0.1,0.9,2
ntu,18,9,0.6773005113000999,7,0.2,0.0,0.5,2
ntu,19,5,0.6812605383870451,7,0.2,0.0,0.7,2
ntu,20,12,0.6762685245029526,7,0.2,0.0,0.9,2
ntu,21,7,0.6791984944727747,7,0.2,0.1,0.5,2
ntu,22,3,0.681744353018503,7,0.2,0.1,0.7,2
ntu,23,15,0.6759433352297995,7,0.2,0.1,0.9,2
ntu,24,36,0.6699064943888992,10,0.1,0.0,0.5,2
ntu,25,20,0.6744882497338964,10,0.1,0.0,0.7,2
ntu,26,33,0.6703890388779152,10,0.1,0.0,0.9,2
ntu,27,29,0.6716481819817708,10,0.1,0.1,0.5,2
ntu,28,19,0.6746451090342628,10,0.1,0.1,0.7,2
ntu,29,35,0.670329908171226,10,0.1,0.1,0.9,2
ntu,30,31,0.6712462157378023,10,0.2,0.0,0.5,2
ntu,31,16,0.6758090315068803,10,0.2,0.0,0.7,2
ntu,32,39,0.6668373585683787,10,0.2,0.0,0.9,2
ntu,33,21,0.6742991935712571,10,0.2,0.1,0.5,2
ntu,34,11,0.6765907408054272,10,0.2,0.1,0.7,2
ntu,35,41,0.6667966590456882,10,0.2,0.1,0.9,2
ntu,36,40,0.6668052296719794,15,0.1,0.0,0.5,2
ntu,37,34,0.6703683070269911,15,0.1,0.0,0.7,2
ntu,38,45,0.659700110568724,15,0.1,0.0,0.9,2
ntu,39,37,0.6690897628909643,15,0.1,0.1,0.5,2
ntu,40,30,0.6713270306189882,15,0.1,0.1,0.7,2
ntu,41,46,0.6588936364279894,15,0.1,0.1,0.9,2
ntu,42,44,0.6651074243154482,15,0.2,0.0,0.5,2
ntu,43,43,0.665556691698099,15,0.2,0.0,0.7,2
ntu,44,47,0.6463054032833663,15,0.2,0.0,0.9,2
ntu,45,38,0.6683388174545318,15,0.2,0.1,0.5,2
ntu,46,42,0.6666835015929504,15,0.2,0.1,0.7,2
ntu,47,48,0.6448948618531744,15,0.2,0.1,0.9,2
abo,0,18,0.6707463112400056,5,0.1,0.0,0.5,2
abo,1,14,0.6718529987342544,5,0.1,0.0,0.7,2
abo,2,21,0.6694580744739143,5,0.1,0.0,0.9,2
abo,3,15,0.6711611373028206,5,0.1,0.1,0.5,2
abo,4,13,0.6719558562761205,5,0.1,0.1,0.7,2
abo,5,25,0.6685255754859938,5,0.1,0.1,0.9,2
abo,6,4,0.676291030096494,5,0.2,0.0,0.5,2
abo,7,1,0.6788074658132959,5,0.2,0.0,0.7,2
abo,8,7,0.6747803674383581,5,0.2,0.0,0.9,2
abo,9,3,0.6772480079926511,5,0.2,0.1,0.5,2
abo,10,2,0.6785644937314157,5,0.2,0.1,0.7,2
abo,11,9,0.6744771268780112,5,0.2,0.1,0.9,2
abo,12,23,0.6691597014691593,7,0.1,0.0,0.5,2
abo,13,12,0.6722428334494001,7,0.1,0.0,0.7,2
abo,14,20,0.6698039714318339,7,0.1,0.0,0.9,2
abo,15,19,0.6706791590613279,7,0.1,0.1,0.5,2
abo,16,11,0.672537477253912,7,0.1,0.1,0.7,2
abo,17,22,0.6694476158098384,7,0.1,0.1,0.9,2
abo,18,10,0.6731147637558921,7,0.2,0.0,0.5,2
abo,19,6,0.6758408795841411,7,0.2,0.0,0.7,2
abo,20,16,0.6711439399285282,7,0.2,0.0,0.9,2
abo,21,8,0.6745725939143011,7,0.2,0.1,0.5,2
abo,22,5,0.6762555984716804,7,0.2,0.1,0.7,2
abo,23,17,0.6707988408033347,7,0.2,0.1,0.9,2
abo,24,32,0.6649707952987286,10,0.1,0.0,0.5,2
abo,25,24,0.6687605220292784,10,0.1,0.0,0.7,2
abo,26,33,0.6630473486424312,10,0.1,0.0,0.9,2
abo,27,30,0.6665525649339122,10,0.1,0.1,0.5,2
abo,28,26,0.6683799092854573,10,0.1,0.1,0.7,2
abo,29,34,0.6629969974886608,10,0.1,0.1,0.9,2
abo,30,31,0.665201206171203,10,0.2,0.0,0.5,2
abo,31,29,0.667230280215615,10,0.2,0.0,0.7,2
abo,32,41,0.6565947190470783,10,0.2,0.0,0.9,2
abo,33,28,0.6678603468540807,10,0.2,0.1,0.5,2
abo,34,27,0.6681745050302936,10,0.2,0.1,0.7,2
abo,35,40,0.6569052925873765,10,0.2,0.1,0.9,2
abo,36,38,0.6588111952246273,15,0.1,0.0,0.5,2
abo,37,37,0.6594170463182383,15,0.1,0.0,0.7,2
abo,38,45,0.6452955271490716,15,0.1,0.0,0.9,2
abo,39,35,0.6608368638221652,15,0.1,0.1,0.5,2
abo,40,36,0.660459585957482,15,0.1,0.1,0.7,2
abo,41,46,0.644246758268472,15,0.1,0.1,0.9,2
abo,42,42,0.6552751784779444,15,0.2,0.0,0.5,2
abo,43,44,0.6513059372557819,15,0.2,0.0,0.7,2
abo,44,47,0.6266901508045565,15,0.2,0.0,0.9,2
abo,45,39,0.6578288706298923,15,0.2,0.1,0.5,2
abo,46,43,0.6518209231820252,15,0.2,0.1,0.7,2
abo,47,48,0.6247878114994793,15,0.2,0.1,0.9,2
mn40,0,10,0.6589797157753288,5,0.1,0.0,0.5,2
mn40,1,14,0.6580419833514999,5,0.1,0.0,0.7,2
mn40,2,31,0.6532044877313894,5,0.1,0.0,0.9,2
mn40,3,9,0.6590807925569736,5,0.1,0.1,0.5,2
mn40,4,16,0.657536462789627,5,0.1,0.1,0.7,2
mn40,5,33,0.651974615864883,5,0.1,0.1,0.9,2
mn40,6,3,0.6641290394617858,5,0.2,0.0,0.5,2
mn40,7,2,0.6644752410192784,5,0.2,0.0,0.7,2
mn40,8,20,0.6572512011963013,5,0.2,0.0,0.9,2
mn40,9,1,0.6646437640384986,5,0.2,0.1,0.5,2
mn40,10,4,0.6639452595870243,5,0.2,0.1,0.7,2
mn40,11,24,0.6567493803182567,5,0.2,0.1,0.9,2
mn40,12,19,0.657307784011097,7,0.1,0.0,0.5,2
mn40,13,13,0.6583203030298007,7,0.1,0.0,0.7,2
mn40,14,27,0.6552373328871259,7,0.1,0.0,0.9,2
mn40,15,12,0.6583611764406025,7,0.1,0.1,0.5,2
mn40,16,11,0.6584217004867242,7,0.1,0.1,0.7,2
mn40,17,30,0.6545326810411229,7,0.1,0.1,0.9,2
mn40,18,8,0.6609478932377644,7,0.2,0.0,0.5,2
mn40,19,6,0.6623407196337416,7,0.2,0.0,0.7,2
mn40,20,15,0.6576423705309564,7,0.2,0.0,0.9,2
mn40,21,7,0.6619086883971126,7,0.2,0.1,0.5,2
mn40,22,5,0.6625912403384756,7,0.2,0.1,0.7,2
mn40,23,18,0.6574220265962504,7,0.2,0.1,0.9,2
mn40,24,28,0.6548657959007894,10,0.1,0.0,0.5,2
mn40,25,17,0.657460392980957,10,0.1,0.0,0.7,2
mn40,26,32,0.6519928984586222,10,0.1,0.0,0.9,2
mn40,27,26,0.6561906434689491,10,0.1,0.1,0.5,2
mn40,28,23,0.6568959461834915,10,0.1,0.1,0.7,2
mn40,29,34,0.6518996197192186,10,0.1,0.1,0.9,2
mn40,30,29,0.6546277159579819,10,0.2,0.0,0.5,2
mn40,31,25,0.656382366096855,10,0.2,0.0,0.7,2
mn40,32,41,0.6471411748838202,10,0.2,0.0,0.9,2
mn40,33,22,0.6571221064779067,10,0.2,0.1,0.5,2
mn40,34,21,0.6572110858340805,10,0.2,0.1,0.7,2
mn40,35,40,0.647273043102832,10,0.2,0.1,0.9,2
mn40,36,38,0.6492727618918086,15,0.1,0.0,0.5,2
mn40,37,37,0.6498448480147245,15,0.1,0.0,0.7,2
mn40,38,45,0.6375901797591401,15,0.1,0.0,0.9,2
mn40,39,35,0.6512661162947966,15,0.1,0.1,0.5,2
mn40,40,36,0.6509937413687058,15,0.1,0.1,0.7,2
mn40,41,46,0.6366797661501398,15,0.1,0.1,0.9,2
mn40,42,42,0.6453316396867774,15,0.2,0.0,0.5,2
mn40,43,44,0.6424600514630405,15,0.2,0.0,0.7,2
mn40,44,47,0.6206191079581622,15,0.2,0.0,0.9,2
mn40,45,39,0.6480588145021764,15,0.2,0.1,0.5,2
mn40,46,43,0.643394627558404,15,0.2,0.1,0.7,2
mn40,47,48,0.6192799299816144,15,0.2,0.1,0.9,2
