setting,backbone,dataset,grid_index,mAP,topk,tau,lam_min,lam_max,n_iter
CLIP_L14_abo,CLIP_L14,abo,0,0.6547368128885053,5,0.1,0.0,0.5,2
CLIP_L14_abo,CLIP_L14,abo,1,0.6495815956440921,5,0.1,0.0,0.7,2
CLIP_L14_abo,CLIP_L14,abo,2,0.6358620061677068,5,0.1,0.0,0.9,2
CLIP_L14_abo,CLIP_L14,abo,3,0.6542958672429919,5,0.1,0.1,0.5,2
CLIP_L14_abo,CLIP_L14,abo,4,0.6474299774027412,5,0.1,0.1,0.7,2
CLIP_L14_abo,CLIP_L14,abo,5,0.6353591319084575,5,0.1,0.1,0.9,2
CLIP_L14_abo,CLIP_L14,abo,6,0.659854635253882,5,0.2,0.0,0.5,2
CLIP_L14_abo,CLIP_L14,abo,7,0.6563577852919776,5,0.2,0.0,0.7,2
CLIP_L14_abo,CLIP_L14,abo,8,0.6382469805490301,5,0.2,0.0,0.9,2
CLIP_L14_abo,CLIP_L14,abo,9,0.6594429999792412,5,0.2,0.1,0.5,2
CLIP_L14_abo,CLIP_L14,abo,10,0.6556322571613149,5,0.2,0.1,0.7,2
CLIP_L14_abo,CLIP_L14,abo,11,0.6365197767130075,5,0.2,0.1,0.9,2
CLIP_L14_abo,CLIP_L14,abo,12,0.6531779509790792,7,0.1,0.0,0.5,2
CLIP_L14_abo,CLIP_L14,abo,13,0.6494874815246829,7,0.1,0.0,0.7,2
CLIP_L14_abo,CLIP_L14,abo,14,0.6414946426851534,7,0.1,0.0,0.9,2
CLIP_L14_abo,CLIP_L14,abo,15,0.6526158065553892,7,0.1,0.1,0.5,2
CLIP_L14_abo,CLIP_L14,abo,16,0.6488164049585969,7,0.1,0.1,0.7,2
CLIP_L14_abo,CLIP_L14,abo,17,0.6408051858735552,7,0.1,0.1,0.9,2
CLIP_L14_abo,CLIP_L14,abo,18,0.6554961529968979,7,0.2,0.0,0.5,2
CLIP_L14_abo,CLIP_L14,abo,19,0.6552910559065437,7,0.2,0.0,0.7,2
CLIP_L14_abo,CLIP_L14,abo,20,0.6486760844775875,7,0.2,0.0,0.9,2
CLIP_L14_abo,CLIP_L14,abo,21,0.6556971499119775,7,0.2,0.1,0.5,2
CLIP_L14_abo,CLIP_L14,abo,22,0.6551838592556449,7,0.2,0.1,0.7,2
CLIP_L14_abo,CLIP_L14,abo,23,0.6482110356303578,7,0.2,0.1,0.9,2
CLIP_L14_abo,CLIP_L14,abo,24,0.6522343621772496,10,0.1,0.0,0.5,2
CLIP_L14_abo,CLIP_L14,abo,25,0.6532094607734013,10,0.1,0.0,0.7,2
CLIP_L14_abo,CLIP_L14,abo,26,0.6463923154079889,10,0.1,0.0,0.9,2
CLIP_L14_abo,CLIP_L14,abo,27,0.6525993157479435,10,0.1,0.1,0.5,2
CLIP_L14_abo,CLIP_L14,abo,28,0.6530620206372781,10,0.1,0.1,0.7,2
CLIP_L14_abo,CLIP_L14,abo,29,0.6456599063185736,10,0.1,0.1,0.9,2
CLIP_L14_abo,CLIP_L14,abo,30,0.6504615496414489,10,0.2,0.0,0.5,2
CLIP_L14_abo,CLIP_L14,abo,31,0.6503144217401204,10,0.2,0.0,0.7,2
CLIP_L14_abo,CLIP_L14,abo,32,0.6373362826446586,10,0.2,0.0,0.9,2
CLIP_L14_abo,CLIP_L14,abo,33,0.6515329233402807,10,0.2,0.1,0.5,2
CLIP_L14_abo,CLIP_L14,abo,34,0.6501827890665585,10,0.2,0.1,0.7,2
CLIP_L14_abo,CLIP_L14,abo,35,0.6352420412031402,10,0.2,0.1,0.9,2
CLIP_L14_abo,CLIP_L14,abo,36,0.6510665082325671,15,0.1,0.0,0.5,2
CLIP_L14_abo,CLIP_L14,abo,37,0.6529829347427981,15,0.1,0.0,0.7,2
CLIP_L14_abo,CLIP_L14,abo,38,0.6409722443263234,15,0.1,0.0,0.9,2
CLIP_L14_abo,CLIP_L14,abo,39,0.6522790993210189,15,0.1,0.1,0.5,2
CLIP_L14_abo,CLIP_L14,abo,40,0.6529647567257904,15,0.1,0.1,0.7,2
CLIP_L14_abo,CLIP_L14,abo,41,0.6405606095669539,15,0.1,0.1,0.9,2
CLIP_L14_abo,CLIP_L14,abo,42,0.6455331484287725,15,0.2,0.0,0.5,2
CLIP_L14_abo,CLIP_L14,abo,43,0.6413368891623448,15,0.2,0.0,0.7,2
CLIP_L14_abo,CLIP_L14,abo,44,0.6122609149562824,15,0.2,0.0,0.9,2
CLIP_L14_abo,CLIP_L14,abo,45,0.6471955885065086,15,0.2,0.1,0.5,2
CLIP_L14_abo,CLIP_L14,abo,46,0.6415714809510533,15,0.2,0.1,0.7,2
CLIP_L14_abo,CLIP_L14,abo,47,0.6111155639135488,15,0.2,0.1,0.9,2
CLIP_L14_esb,CLIP_L14,esb,0,0.6262972157558041,5,0.1,0.0,0.5,2
CLIP_L14_esb,CLIP_L14,esb,1,0.6249528481091565,5,0.1,0.0,0.7,2
CLIP_L14_esb,CLIP_L14,esb,2,0.6246330318628169,5,0.1,0.0,0.9,2
CLIP_L14_esb,CLIP_L14,esb,3,0.6270001650612058,5,0.1,0.1,0.5,2
CLIP_L14_esb,CLIP_L14,esb,4,0.6295212507979484,5,0.1,0.1,0.7,2
CLIP_L14_esb,CLIP_L14,esb,5,0.6240967478957217,5,0.1,0.1,0.9,2
CLIP_L14_esb,CLIP_L14,esb,6,0.6312557510514646,5,0.2,0.0,0.5,2
CLIP_L14_esb,CLIP_L14,esb,7,0.6302641824188077,5,0.2,0.0,0.7,2
CLIP_L14_esb,CLIP_L14,esb,8,0.624792427125211,5,0.2,0.0,0.9,2
CLIP_L14_esb,CLIP_L14,esb,9,0.631843006119644,5,0.2,0.1,0.5,2
CLIP_L14_esb,CLIP_L14,esb,10,0.6307148237236896,5,0.2,0.1,0.7,2
CLIP_L14_esb,CLIP_L14,esb,11,0.6246664809940389,5,0.2,0.1,0.9,2
CLIP_L14_esb,CLIP_L14,esb,12,0.6193220578250818,7,0.1,0.0,0.5,2
CLIP_L14_esb,CLIP_L14,esb,13,0.6202157189218429,7,0.1,0.0,0.7,2
CLIP_L14_esb,CLIP_L14,esb,14,0.6140243122663959,7,0.1,0.0,0.9,2
CLIP_L14_esb,CLIP_L14,esb,15,0.6192036066675974,7,0.1,0.1,0.5,2
CLIP_L14_esb,CLIP_L14,esb,16,0.6198206120600349,7,0.1,0.1,0.7,2
CLIP_L14_esb,CLIP_L14,esb,17,0.6142791578383946,7,0.1,0.1,0.9,2
CLIP_L14_esb,CLIP_L14,esb,18,0.6211638710185883,7,0.2,0.0,0.5,2
CLIP_L14_esb,CLIP_L14,esb,19,0.6217266945066053,7,0.2,0.0,0.7,2
CLIP_L14_esb,CLIP_L14,esb,20,0.6132264858043952,7,0.2,0.0,0.9,2
CLIP_L14_esb,CLIP_L14,esb,21,0.6244208516219706,7,0.2,0.1,0.5,2
CLIP_L14_esb,CLIP_L14,esb,22,0.6215661579937296,7,0.2,0.1,0.7,2
CLIP_L14_esb,CLIP_L14,esb,23,0.6139459474819576,7,0.2,0.1,0.9,2
CLIP_L14_esb,CLIP_L14,esb,24,0.6144091197411015,10,0.1,0.0,0.5,2
CLIP_L14_esb,CLIP_L14,esb,25,0.6157420557590839,10,0.1,0.0,0.7,2
CLIP_L14_esb,CLIP_L14,esb,26,0.6046567443340796,10,0.1,0.0,0.9,2
CLIP_L14_esb,CLIP_L14,esb,27,0.6150477060115854,10,0.1,0.1,0.5,2
CLIP_L14_esb,CLIP_L14,esb,28,0.6142677782336537,10,0.1,0.1,0.7,2
CLIP_L14_esb,CLIP_L14,esb,29,0.6020616646955477,10,0.1,0.1,0.9,2
CLIP_L14_esb,CLIP_L14,esb,30,0.6154224908241462,10,0.2,0.0,0.5,2
CLIP_L14_esb,CLIP_L14,esb,31,0.6167324785436422,10,0.2,0.0,0.7,2
CLIP_L14_esb,CLIP_L14,esb,32,0.6006276675764236,10,0.2,0.0,0.9,2
CLIP_L14_esb,CLIP_L14,esb,33,0.6166406332218534,10,0.2,0.1,0.5,2
CLIP_L14_esb,CLIP_L14,esb,34,0.6162236075606441,10,0.2,0.1,0.7,2
CLIP_L14_esb,CLIP_L14,esb,35,0.600432473765307,10,0.2,0.1,0.9,2
CLIP_L14_esb,CLIP_L14,esb,36,0.6150207437546652,15,0.1,0.0,0.5,2
CLIP_L14_esb,CLIP_L14,esb,37,0.6149389744160867,15,0.1,0.0,0.7,2
CLIP_L14_esb,CLIP_L14,esb,38,0.585202357384645,15,0.1,0.0,0.9,2
CLIP_L14_esb,CLIP_L14,esb,39,0.6147123025901803,15,0.1,0.1,0.5,2
CLIP_L14_esb,CLIP_L14,esb,40,0.614883920674374,15,0.1,0.1,0.7,2
CLIP_L14_esb,CLIP_L14,esb,41,0.5805600171269092,15,0.1,0.1,0.9,2
CLIP_L14_esb,CLIP_L14,esb,42,0.6149093422672226,15,0.2,0.0,0.5,2
CLIP_L14_esb,CLIP_L14,esb,43,0.607287906221733,15,0.2,0.0,0.7,2
CLIP_L14_esb,CLIP_L14,esb,44,0.5720666308236876,15,0.2,0.0,0.9,2
CLIP_L14_esb,CLIP_L14,esb,45,0.6159838258429168,15,0.2,0.1,0.5,2
CLIP_L14_esb,CLIP_L14,esb,46,0.6070570256250034,15,0.2,0.1,0.7,2
CLIP_L14_esb,CLIP_L14,esb,47,0.5675973460782063,15,0.2,0.1,0.9,2
CLIP_L14_mn40,CLIP_L14,mn40,0,0.6642191695472327,5,0.1,0.0,0.5,2
CLIP_L14_mn40,CLIP_L14,mn40,1,0.672526715963284,5,0.1,0.0,0.7,2
CLIP_L14_mn40,CLIP_L14,mn40,2,0.6747959867184167,5,0.1,0.0,0.9,2
CLIP_L14_mn40,CLIP_L14,mn40,3,0.6658047012471153,5,0.1,0.1,0.5,2
CLIP_L14_mn40,CLIP_L14,mn40,4,0.674424512986248,5,0.1,0.1,0.7,2
CLIP_L14_mn40,CLIP_L14,mn40,5,0.6747390264859189,5,0.1,0.1,0.9,2
CLIP_L14_mn40,CLIP_L14,mn40,6,0.668813810862234,5,0.2,0.0,0.5,2
CLIP_L14_mn40,CLIP_L14,mn40,7,0.676083791087662,5,0.2,0.0,0.7,2
CLIP_L14_mn40,CLIP_L14,mn40,8,0.67612305881881,5,0.2,0.0,0.9,2
CLIP_L14_mn40,CLIP_L14,mn40,9,0.6704869373353718,5,0.2,0.1,0.5,2
CLIP_L14_mn40,CLIP_L14,mn40,10,0.6770760584161668,5,0.2,0.1,0.7,2
CLIP_L14_mn40,CLIP_L14,mn40,11,0.6749200435279666,5,0.2,0.1,0.9,2
CLIP_L14_mn40,CLIP_L14,mn40,12,0.665463448361166,7,0.1,0.0,0.5,2
CLIP_L14_mn40,CLIP_L14,mn40,13,0.675560406801415,7,0.1,0.0,0.7,2
CLIP_L14_mn40,CLIP_L14,mn40,14,0.671688690721497,7,0.1,0.0,0.9,2
CLIP_L14_mn40,CLIP_L14,mn40,15,0.667805302906568,7,0.1,0.1,0.5,2
CLIP_L14_mn40,CLIP_L14,mn40,16,0.6765049737762351,7,0.1,0.1,0.7,2
CLIP_L14_mn40,CLIP_L14,mn40,17,0.6726855827178989,7,0.1,0.1,0.9,2
CLIP_L14_mn40,CLIP_L14,mn40,18,0.6671386128918813,7,0.2,0.0,0.5,2
CLIP_L14_mn40,CLIP_L14,mn40,19,0.67374847619022,7,0.2,0.0,0.7,2
CLIP_L14_mn40,CLIP_L14,mn40,20,0.6642367239336548,7,0.2,0.0,0.9,2
CLIP_L14_mn40,CLIP_L14,mn40,21,0.6691237191826129,7,0.2,0.1,0.5,2
CLIP_L14_mn40,CLIP_L14,mn40,22,0.6734643164075883,7,0.2,0.1,0.7,2
CLIP_L14_mn40,CLIP_L14,mn40,23,0.663679257307534,7,0.2,0.1,0.9,2
CLIP_L14_mn40,CLIP_L14,mn40,24,0.6561013084024963,10,0.1,0.0,0.5,2
CLIP_L14_mn40,CLIP_L14,mn40,25,0.6630015481920906,10,0.1,0.0,0.7,2
CLIP_L14_mn40,CLIP_L14,mn40,26,0.6556753536815776,10,0.1,0.0,0.9,2
CLIP_L14_mn40,CLIP_L14,mn40,27,0.6579258117448612,10,0.1,0.1,0.5,2
CLIP_L14_mn40,CLIP_L14,mn40,28,0.663321729608244,10,0.1,0.1,0.7,2
CLIP_L14_mn40,CLIP_L14,mn40,29,0.6552022104038755,10,0.1,0.1,0.9,2
CLIP_L14_mn40,CLIP_L14,mn40,30,0.654719008510444,10,0.2,0.0,0.5,2
CLIP_L14_mn40,CLIP_L14,mn40,31,0.6552201070234764,10,0.2,0.0,0.7,2
CLIP_L14_mn40,CLIP_L14,mn40,32,0.6355806691169238,10,0.2,0.0,0.9,2
CLIP_L14_mn40,CLIP_L14,mn40,33,0.6569036964759413,10,0.2,0.1,0.5,2
CLIP_L14_mn40,CLIP_L14,mn40,34,0.6548160548327004,10,0.2,0.1,0.7,2
CLIP_L14_mn40,CLIP_L14,mn40,35,0.6354637556949136,10,0.2,0.1,0.9,2
CLIP_L14_mn40,CLIP_L14,mn40,36,0.6473948702119847,15,0.1,0.0,0.5,2
CLIP_L14_mn40,CLIP_L14,mn40,37,0.6486730858961296,15,0.1,0.0,0.7,2
CLIP_L14_mn40,CLIP_L14,mn40,38,0.6273967978475318,15,0.1,0.0,0.9,2
CLIP_L14_mn40,CLIP_L14,mn40,39,0.6491609539309807,15,0.1,0.1,0.5,2
CLIP_L14_mn40,CLIP_L14,mn40,40,0.6483588789395978,15,0.1,0.1,0.7,2
CLIP_L14_mn40,CLIP_L14,mn40,41,0.6268097023900306,15,0.1,0.1,0.9,2
CLIP_L14_mn40,CLIP_L14,mn40,42,0.6430544328889611,15,0.2,0.0,0.5,2
CLIP_L14_mn40,CLIP_L14,mn40,43,0.6358306193325911,15,0.2,0.0,0.7,2
CLIP_L14_mn40,CLIP_L14,mn40,44,0.5998076637294156,15,0.2,0.0,0.9,2
CLIP_L14_mn40,CLIP_L14,mn40,45,0.6445390821607411,15,0.2,0.1,0.5,2
CLIP_L14_mn40,CLIP_L14,mn40,46,0.6350482374720983,15,0.2,0.1,0.7,2
CLIP_L14_mn40,CLIP_L14,mn40,47,0.5970193781957795,15,0.2,0.1,0.9,2
CLIP_L14_ntu,CLIP_L14,ntu,0,0.6396969277518678,5,0.1,0.0,0.5,2
CLIP_L14_ntu,CLIP_L14,ntu,1,0.6313094076548472,5,0.1,0.0,0.7,2
CLIP_L14_ntu,CLIP_L14,ntu,2,0.6275787710406465,5,0.1,0.0,0.9,2
CLIP_L14_ntu,CLIP_L14,ntu,3,0.6378241436672007,5,0.1,0.1,0.5,2
CLIP_L14_ntu,CLIP_L14,ntu,4,0.6310939591873749,5,0.1,0.1,0.7,2
CLIP_L14_ntu,CLIP_L14,ntu,5,0.6264784458660893,5,0.1,0.1,0.9,2
CLIP_L14_ntu,CLIP_L14,ntu,6,0.6346908915492312,5,0.2,0.0,0.5,2
CLIP_L14_ntu,CLIP_L14,ntu,7,0.6289085186505249,5,0.2,0.0,0.7,2
CLIP_L14_ntu,CLIP_L14,ntu,8,0.6207506375467189,5,0.2,0.0,0.9,2
CLIP_L14_ntu,CLIP_L14,ntu,9,0.6343963311583978,5,0.2,0.1,0.5,2
CLIP_L14_ntu,CLIP_L14,ntu,10,0.6278658948047258,5,0.2,0.1,0.7,2
CLIP_L14_ntu,CLIP_L14,ntu,11,0.6196823201863968,5,0.2,0.1,0.9,2
CLIP_L14_ntu,CLIP_L14,ntu,12,0.6368711941958679,7,0.1,0.0,0.5,2
CLIP_L14_ntu,CLIP_L14,ntu,13,0.6344897859529969,7,0.1,0.0,0.7,2
CLIP_L14_ntu,CLIP_L14,ntu,14,0.6276997405242195,7,0.1,0.0,0.9,2
CLIP_L14_ntu,CLIP_L14,ntu,15,0.6384457665610579,7,0.1,0.1,0.5,2
CLIP_L14_ntu,CLIP_L14,ntu,16,0.6345027239610307,7,0.1,0.1,0.7,2
CLIP_L14_ntu,CLIP_L14,ntu,17,0.6273908363849746,7,0.1,0.1,0.9,2
CLIP_L14_ntu,CLIP_L14,ntu,18,0.637061562136331,7,0.2,0.0,0.5,2
CLIP_L14_ntu,CLIP_L14,ntu,19,0.6298657948603589,7,0.2,0.0,0.7,2
CLIP_L14_ntu,CLIP_L14,ntu,20,0.6172064590737505,7,0.2,0.0,0.9,2
CLIP_L14_ntu,CLIP_L14,ntu,21,0.6347698637861937,7,0.2,0.1,0.5,2
CLIP_L14_ntu,CLIP_L14,ntu,22,0.6281703609409923,7,0.2,0.1,0.7,2
CLIP_L14_ntu,CLIP_L14,ntu,23,0.6155899662064408,7,0.2,0.1,0.9,2
CLIP_L14_ntu,CLIP_L14,ntu,24,0.631911203579264,10,0.1,0.0,0.5,2
CLIP_L14_ntu,CLIP_L14,ntu,25,0.6287751953654149,10,0.1,0.0,0.7,2
CLIP_L14_ntu,CLIP_L14,ntu,26,0.6107211809751362,10,0.1,0.0,0.9,2
CLIP_L14_ntu,CLIP_L14,ntu,27,0.6315098212424131,10,0.1,0.1,0.5,2
CLIP_L14_ntu,CLIP_L14,ntu,28,0.6254001551164398,10,0.1,0.1,0.7,2
CLIP_L14_ntu,CLIP_L14,ntu,29,0.610710475877705,10,0.1,0.1,0.9,2
CLIP_L14_ntu,CLIP_L14,ntu,30,0.6266240417359961,10,0.2,0.0,0.5,2
CLIP_L14_ntu,CLIP_L14,ntu,31,0.611973978840812,10,0.2,0.0,0.7,2
CLIP_L14_ntu,CLIP_L14,ntu,32,0.5943272732996404,10,0.2,0.0,0.9,2
CLIP_L14_ntu,CLIP_L14,ntu,33,0.6270031849044514,10,0.2,0.1,0.5,2
CLIP_L14_ntu,CLIP_L14,ntu,34,0.6115864986436278,10,0.2,0.1,0.7,2
CLIP_L14_ntu,CLIP_L14,ntu,35,0.5951758865330997,10,0.2,0.1,0.9,2
CLIP_L14_ntu,CLIP_L14,ntu,36,0.6172188589261253,15,0.1,0.0,0.5,2
CLIP_L14_ntu,CLIP_L14,ntu,37,0.6029606793655945,15,0.1,0.0,0.7,2
CLIP_L14_ntu,CLIP_L14,ntu,38,0.5729225298332274,15,0.1,0.0,0.9,2
CLIP_L14_ntu,CLIP_L14,ntu,39,0.6168605760261052,15,0.1,0.1,0.5,2
CLIP_L14_ntu,CLIP_L14,ntu,40,0.6034281085253267,15,0.1,0.1,0.7,2
CLIP_L14_ntu,CLIP_L14,ntu,41,0.5715364228889452,15,0.1,0.1,0.9,2
CLIP_L14_ntu,CLIP_L14,ntu,42,0.6062049207594534,15,0.2,0.0,0.5,2
CLIP_L14_ntu,CLIP_L14,ntu,43,0.5855485864827684,15,0.2,0.0,0.7,2
CLIP_L14_ntu,CLIP_L14,ntu,44,0.5390007691666253,15,0.2,0.0,0.9,2
CLIP_L14_ntu,CLIP_L14,ntu,45,0.6060546517420831,15,0.2,0.1,0.5,2
CLIP_L14_ntu,CLIP_L14,ntu,46,0.5850778131154133,15,0.2,0.1,0.7,2
CLIP_L14_ntu,CLIP_L14,ntu,47,0.5363506571253874,15,0.2,0.1,0.9,2
DINOv2_abo,DINOv2,abo,0,0.6688624712773232,5,0.1,0.0,0.5,2
DINOv2_abo,DINOv2,abo,1,0.672801503667103,5,0.1,0.0,0.7,2
DINOv2_abo,DINOv2,abo,2,0.6690369608415516,5,0.1,0.0,0.9,2
DINOv2_abo,DINOv2,abo,3,0.6708155692634123,5,0.1,0.1,0.5,2
DINOv2_abo,DINOv2,abo,4,0.6719944253160254,5,0.1,0.1,0.7,2
DINOv2_abo,DINOv2,abo,5,0.6660548176669153,5,0.1,0.1,0.9,2
DINOv2_abo,DINOv2,abo,6,0.6739394778514879,5,0.2,0.0,0.5,2
DINOv2_abo,DINOv2,abo,7,0.6763183035409851,5,0.2,0.0,0.7,2
DINOv2_abo,DINOv2,abo,8,0.6716968267453757,5,0.2,0.0,0.9,2
DINOv2_abo,DINOv2,abo,9,0.6758672287445487,5,0.2,0.1,0.5,2
DINOv2_abo,DINOv2,abo,10,0.6756403576685204,5,0.2,0.1,0.7,2
DINOv2_abo,DINOv2,abo,11,0.6696867584013313,5,0.2,0.1,0.9,2
DINOv2_abo,DINOv2,abo,12,0.6679065467816244,7,0.1,0.0,0.5,2
DINOv2_abo,DINOv2,abo,13,0.672323245447825,7,0.1,0.0,0.7,2
DINOv2_abo,DINOv2,abo,14,0.6718390411879663,7,0.1,0.0,0.9,2
DINOv2_abo,DINOv2,abo,15,0.6710244150952726,7,0.1,0.1,0.5,2
DINOv2_abo,DINOv2,abo,16,0.6735541532427649,7,0.1,0.1,0.7,2
DINOv2_abo,DINOv2,abo,17,0.6709450399812653,7,0.1,0.1,0.9,2
DINOv2_abo,DINOv2,abo,18,0.671038417617063,7,0.2,0.0,0.5,2
DINOv2_abo,DINOv2,abo,19,0.6753477566524564,7,0.2,0.0,0.7,2
DINOv2_abo,DINOv2,abo,20,0.6718780835251241,7,0.2,0.0,0.9,2
DINOv2_abo,DINOv2,abo,21,0.674255420635798,7,0.2,0.1,0.5,2
DINOv2_abo,DINOv2,abo,22,0.676013200436551,7,0.2,0.1,0.7,2
DINOv2_abo,DINOv2,abo,23,0.6716293100099349,7,0.2,0.1,0.9,2
DINOv2_abo,DINOv2,abo,24,0.6668025051713196,10,0.1,0.0,0.5,2
DINOv2_abo,DINOv2,abo,25,0.672694394478556,10,0.1,0.0,0.7,2
DINOv2_abo,DINOv2,abo,26,0.673730435674449,10,0.1,0.0,0.9,2
DINOv2_abo,DINOv2,abo,27,0.6705855917355737,10,0.1,0.1,0.5,2
DINOv2_abo,DINOv2,abo,28,0.674500797846254,10,0.1,0.1,0.7,2
DINOv2_abo,DINOv2,abo,29,0.6739709770562414,10,0.1,0.1,0.9,2
DINOv2_abo,DINOv2,abo,30,0.6689487348099922,10,0.2,0.0,0.5,2
DINOv2_abo,DINOv2,abo,31,0.6755239920129383,10,0.2,0.0,0.7,2
DINOv2_abo,DINOv2,abo,32,0.6748600828621056,10,0.2,0.0,0.9,2
DINOv2_abo,DINOv2,abo,33,0.6736303677920192,10,0.2,0.1,0.5,2
DINOv2_abo,DINOv2,abo,34,0.677148696199535,10,0.2,0.1,0.7,2
DINOv2_abo,DINOv2,abo,35,0.6750446327515337,10,0.2,0.1,0.9,2
DINOv2_abo,DINOv2,abo,36,0.6646669544860438,15,0.1,0.0,0.5,2
DINOv2_abo,DINOv2,abo,37,0.6722550467968317,15,0.1,0.0,0.7,2
DINOv2_abo,DINOv2,abo,38,0.675049538389474,15,0.1,0.0,0.9,2
DINOv2_abo,DINOv2,abo,39,0.6695962914199874,15,0.1,0.1,0.5,2
DINOv2_abo,DINOv2,abo,40,0.6753854284890211,15,0.1,0.1,0.7,2
DINOv2_abo,DINOv2,abo,41,0.6762992539209529,15,0.1,0.1,0.9,2
DINOv2_abo,DINOv2,abo,42,0.6626463778314945,15,0.2,0.0,0.5,2
DINOv2_abo,DINOv2,abo,43,0.6723540205646141,15,0.2,0.0,0.7,2
DINOv2_abo,DINOv2,abo,44,0.6772620628421716,15,0.2,0.0,0.9,2
DINOv2_abo,DINOv2,abo,45,0.6705817302599982,15,0.2,0.1,0.5,2
DINOv2_abo,DINOv2,abo,46,0.6775558419831663,15,0.2,0.1,0.7,2
DINOv2_abo,DINOv2,abo,47,0.6794959618862683,15,0.2,0.1,0.9,2
DINOv2_esb,DINOv2,esb,0,0.6121908065717278,5,0.1,0.0,0.5,2
DINOv2_esb,DINOv2,esb,1,0.6108354490442501,5,0.1,0.0,0.7,2
DINOv2_esb,DINOv2,esb,2,0.6069422365067016,5,0.1,0.0,0.9,2
DINOv2_esb,DINOv2,esb,3,0.6127908303038867,5,0.1,0.1,0.5,2
DINOv2_esb,DINOv2,esb,4,0.6088708928497736,5,0.1,0.1,0.7,2
DINOv2_esb,DINOv2,esb,5,0.6059001569564818,5,0.1,0.1,0.9,2
DINOv2_esb,DINOv2,esb,6,0.6221985646618483,5,0.2,0.0,0.5,2
DINOv2_esb,DINOv2,esb,7,0.6241169216445098,5,0.2,0.0,0.7,2
DINOv2_esb,DINOv2,esb,8,0.6250539956941324,5,0.2,0.0,0.9,2
DINOv2_esb,DINOv2,esb,9,0.6230377622203874,5,0.2,0.1,0.5,2
DINOv2_esb,DINOv2,esb,10,0.6242406143755078,5,0.2,0.1,0.7,2
DINOv2_esb,DINOv2,esb,11,0.6250574799242155,5,0.2,0.1,0.9,2
DINOv2_esb,DINOv2,esb,12,0.6117710717014797,7,0.1,0.0,0.5,2
DINOv2_esb,DINOv2,esb,13,0.6095485709821735,7,0.1,0.0,0.7,2
DINOv2_esb,DINOv2,esb,14,0.6125655600345727,7,0.1,0.0,0.9,2
DINOv2_esb,DINOv2,esb,15,0.6131456536784656,7,0.1,0.1,0.5,2
DINOv2_esb,DINOv2,esb,16,0.6107333876146107,7,0.1,0.1,0.7,2
DINOv2_esb,DINOv2,esb,17,0.613019351305491,7,0.1,0.1,0.9,2
DINOv2_esb,DINOv2,esb,18,0.620697510657957,7,0.2,0.0,0.5,2
DINOv2_esb,DINOv2,esb,19,0.6218080954132951,7,0.2,0.0,0.7,2
DINOv2_esb,DINOv2,esb,20,0.616366723523966,7,0.2,0.0,0.9,2
DINOv2_esb,DINOv2,esb,21,0.6209053448554426,7,0.2,0.1,0.5,2
DINOv2_esb,DINOv2,esb,22,0.6230462990679932,7,0.2,0.1,0.7,2
DINOv2_esb,DINOv2,esb,23,0.6164934037610124,7,0.2,0.1,0.9,2
DINOv2_esb,DINOv2,esb,24,0.6106256046273497,10,0.1,0.0,0.5,2
DINOv2_esb,DINOv2,esb,25,0.6095131063471235,10,0.1,0.0,0.7,2
DINOv2_esb,DINOv2,esb,26,0.6114063172814481,10,0.1,0.0,0.9,2
DINOv2_esb,DINOv2,esb,27,0.6114081773542867,10,0.1,0.1,0.5,2
DINOv2_esb,DINOv2,esb,28,0.6101214169553195,10,0.1,0.1,0.7,2
DINOv2_esb,DINOv2,esb,29,0.6114359779141204,10,0.1,0.1,0.9,2
DINOv2_esb,DINOv2,esb,30,0.6165288872952561,10,0.2,0.0,0.5,2
DINOv2_esb,DINOv2,esb,31,0.6205514210797579,10,0.2,0.0,0.7,2
DINOv2_esb,DINOv2,esb,32,0.6180597143407274,10,0.2,0.0,0.9,2
DINOv2_esb,DINOv2,esb,33,0.6199480478614345,10,0.2,0.1,0.5,2
DINOv2_esb,DINOv2,esb,34,0.6231857186091538,10,0.2,0.1,0.7,2
DINOv2_esb,DINOv2,esb,35,0.6207667507028941,10,0.2,0.1,0.9,2
DINOv2_esb,DINOv2,esb,36,0.6084509072041364,15,0.1,0.0,0.5,2
DINOv2_esb,DINOv2,esb,37,0.6112452730715295,15,0.1,0.0,0.7,2
DINOv2_esb,DINOv2,esb,38,0.6083814231288116,15,0.1,0.0,0.9,2
DINOv2_esb,DINOv2,esb,39,0.6094356088248162,15,0.1,0.1,0.5,2
DINOv2_esb,DINOv2,esb,40,0.6118729567738117,15,0.1,0.1,0.7,2
DINOv2_esb,DINOv2,esb,41,0.6091740194919015,15,0.1,0.1,0.9,2
DINOv2_esb,DINOv2,esb,42,0.6117484508712328,15,0.2,0.0,0.5,2
DINOv2_esb,DINOv2,esb,43,0.6120576803258291,15,0.2,0.0,0.7,2
DINOv2_esb,DINOv2,esb,44,0.6031471162696233,15,0.2,0.0,0.9,2
DINOv2_esb,DINOv2,esb,45,0.6137749199604194,15,0.2,0.1,0.5,2
DINOv2_esb,DINOv2,esb,46,0.6127149880222336,15,0.2,0.1,0.7,2
DINOv2_esb,DINOv2,esb,47,0.6026602834169381,15,0.2,0.1,0.9,2
DINOv2_mn40,DINOv2,mn40,0,0.7034329529118548,5,0.1,0.0,0.5,2
DINOv2_mn40,DINOv2,mn40,1,0.7096883518132491,5,0.1,0.0,0.7,2
DINOv2_mn40,DINOv2,mn40,2,0.7078432948626674,5,0.1,0.0,0.9,2
DINOv2_mn40,DINOv2,mn40,3,0.7051549409301032,5,0.1,0.1,0.5,2
DINOv2_mn40,DINOv2,mn40,4,0.7087961542897736,5,0.1,0.1,0.7,2
DINOv2_mn40,DINOv2,mn40,5,0.7063584943140071,5,0.1,0.1,0.9,2
DINOv2_mn40,DINOv2,mn40,6,0.7142648098317185,5,0.2,0.0,0.5,2
DINOv2_mn40,DINOv2,mn40,7,0.7235791731925547,5,0.2,0.0,0.7,2
DINOv2_mn40,DINOv2,mn40,8,0.7223356620076393,5,0.2,0.0,0.9,2
DINOv2_mn40,DINOv2,mn40,9,0.716823870494637,5,0.2,0.1,0.5,2
DINOv2_mn40,DINOv2,mn40,10,0.7237451626443923,5,0.2,0.1,0.7,2
DINOv2_mn40,DINOv2,mn40,11,0.7201783475138279,5,0.2,0.1,0.9,2
DINOv2_mn40,DINOv2,mn40,12,0.7027512571265777,7,0.1,0.0,0.5,2
DINOv2_mn40,DINOv2,mn40,13,0.7115931029950955,7,0.1,0.0,0.7,2
DINOv2_mn40,DINOv2,mn40,14,0.7110489262398542,7,0.1,0.0,0.9,2
DINOv2_mn40,DINOv2,mn40,15,0.7059688024309344,7,0.1,0.1,0.5,2
DINOv2_mn40,DINOv2,mn40,16,0.7110576120622865,7,0.1,0.1,0.7,2
DINOv2_mn40,DINOv2,mn40,17,0.7100911256851508,7,0.1,0.1,0.9,2
DINOv2_mn40,DINOv2,mn40,18,0.7118174849370742,7,0.2,0.0,0.5,2
DINOv2_mn40,DINOv2,mn40,19,0.7238310623494029,7,0.2,0.0,0.7,2
DINOv2_mn40,DINOv2,mn40,20,0.7241691739898964,7,0.2,0.0,0.9,2
DINOv2_mn40,DINOv2,mn40,21,0.7166236384016763,7,0.2,0.1,0.5,2
DINOv2_mn40,DINOv2,mn40,22,0.7249229767054866,7,0.2,0.1,0.7,2
DINOv2_mn40,DINOv2,mn40,23,0.7236603590707636,7,0.2,0.1,0.9,2
DINOv2_mn40,DINOv2,mn40,24,0.7000242848090455,10,0.1,0.0,0.5,2
DINOv2_mn40,DINOv2,mn40,25,0.7102321924994112,10,0.1,0.0,0.7,2
DINOv2_mn40,DINOv2,mn40,26,0.7138271042424361,10,0.1,0.0,0.9,2
DINOv2_mn40,DINOv2,mn40,27,0.7043761396640214,10,0.1,0.1,0.5,2
DINOv2_mn40,DINOv2,mn40,28,0.7125465004276013,10,0.1,0.1,0.7,2
DINOv2_mn40,DINOv2,mn40,29,0.713680398053413,10,0.1,0.1,0.9,2
DINOv2_mn40,DINOv2,mn40,30,0.706366363482122,10,0.2,0.0,0.5,2
DINOv2_mn40,DINOv2,mn40,31,0.7209298423175255,10,0.2,0.0,0.7,2
DINOv2_mn40,DINOv2,mn40,32,0.7243449205747824,10,0.2,0.0,0.9,2
DINOv2_mn40,DINOv2,mn40,33,0.7132698000857293,10,0.2,0.1,0.5,2
DINOv2_mn40,DINOv2,mn40,34,0.7238081411326258,10,0.2,0.1,0.7,2
DINOv2_mn40,DINOv2,mn40,35,0.7243798556877389,10,0.2,0.1,0.9,2
DINOv2_mn40,DINOv2,mn40,36,0.6978263792601187,15,0.1,0.0,0.5,2
DINOv2_mn40,DINOv2,mn40,37,0.7104041056733829,15,0.1,0.0,0.7,2
DINOv2_mn40,DINOv2,mn40,38,0.7133125496742483,15,0.1,0.0,0.9,2
DINOv2_mn40,DINOv2,mn40,39,0.7035253738908521,15,0.1,0.1,0.5,2
DINOv2_mn40,DINOv2,mn40,40,0.7127515357104712,15,0.1,0.1,0.7,2
DINOv2_mn40,DINOv2,mn40,41,0.7135404120238255,15,0.1,0.1,0.9,2
DINOv2_mn40,DINOv2,mn40,42,0.7003756067555562,15,0.2,0.0,0.5,2
DINOv2_mn40,DINOv2,mn40,43,0.7152040359038903,15,0.2,0.0,0.7,2
DINOv2_mn40,DINOv2,mn40,44,0.7174718620761673,15,0.2,0.0,0.9,2
DINOv2_mn40,DINOv2,mn40,45,0.7087520164319498,15,0.2,0.1,0.5,2
DINOv2_mn40,DINOv2,mn40,46,0.7191083698584647,15,0.2,0.1,0.7,2
DINOv2_mn40,DINOv2,mn40,47,0.7180118777513659,15,0.2,0.1,0.9,2
DINOv2_ntu,DINOv2,ntu,0,0.6487999108993413,5,0.1,0.0,0.5,2
DINOv2_ntu,DINOv2,ntu,1,0.6501802629706687,5,0.1,0.0,0.7,2
DINOv2_ntu,DINOv2,ntu,2,0.6477271671762583,5,0.1,0.0,0.9,2
DINOv2_ntu,DINOv2,ntu,3,0.6503662811953526,5,0.1,0.1,0.5,2
DINOv2_ntu,DINOv2,ntu,4,0.649908692069389,5,0.1,0.1,0.7,2
DINOv2_ntu,DINOv2,ntu,5,0.6471305394370591,5,0.1,0.1,0.9,2
DINOv2_ntu,DINOv2,ntu,6,0.6557319485065533,5,0.2,0.0,0.5,2
DINOv2_ntu,DINOv2,ntu,7,0.6606099330727522,5,0.2,0.0,0.7,2
DINOv2_ntu,DINOv2,ntu,8,0.6575092259893822,5,0.2,0.0,0.9,2
DINOv2_ntu,DINOv2,ntu,9,0.6574689991418238,5,0.2,0.1,0.5,2
DINOv2_ntu,DINOv2,ntu,10,0.6600100464301921,5,0.2,0.1,0.7,2
DINOv2_ntu,DINOv2,ntu,11,0.6568975436931884,5,0.2,0.1,0.9,2
DINOv2_ntu,DINOv2,ntu,12,0.6459988054676283,7,0.1,0.0,0.5,2
DINOv2_ntu,DINOv2,ntu,13,0.6503233104326732,7,0.1,0.0,0.7,2
DINOv2_ntu,DINOv2,ntu,14,0.651271738083932,7,0.1,0.0,0.9,2
DINOv2_ntu,DINOv2,ntu,15,0.6489602978848267,7,0.1,0.1,0.5,2
DINOv2_ntu,DINOv2,ntu,16,0.6516854664346353,7,0.1,0.1,0.7,2
DINOv2_ntu,DINOv2,ntu,17,0.6493030547262414,7,0.1,0.1,0.9,2
DINOv2_ntu,DINOv2,ntu,18,0.6518458068012195,7,0.2,0.0,0.5,2
DINOv2_ntu,DINOv2,ntu,19,0.6592663704812753,7,0.2,0.0,0.7,2
DINOv2_ntu,DINOv2,ntu,20,0.6617201903017678,7,0.2,0.0,0.9,2
DINOv2_ntu,DINOv2,ntu,21,0.6544546201631227,7,0.2,0.1,0.5,2
DINOv2_ntu,DINOv2,ntu,22,0.6597542828118986,7,0.2,0.1,0.7,2
DINOv2_ntu,DINOv2,ntu,23,0.6611050313130613,7,0.2,0.1,0.9,2
DINOv2_ntu,DINOv2,ntu,24,0.643313850325531,10,0.1,0.0,0.5,2
DINOv2_ntu,DINOv2,ntu,25,0.6503368288540303,10,0.1,0.0,0.7,2
DINOv2_ntu,DINOv2,ntu,26,0.6499069564657257,10,0.1,0.0,0.9,2
DINOv2_ntu,DINOv2,ntu,27,0.6470390491239034,10,0.1,0.1,0.5,2
DINOv2_ntu,DINOv2,ntu,28,0.6507570970519375,10,0.1,0.1,0.7,2
DINOv2_ntu,DINOv2,ntu,29,0.650380068065863,10,0.1,0.1,0.9,2
DINOv2_ntu,DINOv2,ntu,30,0.644088945329895,10,0.2,0.0,0.5,2
DINOv2_ntu,DINOv2,ntu,31,0.6506968783975007,10,0.2,0.0,0.7,2
DINOv2_ntu,DINOv2,ntu,32,0.651319115981931,10,0.2,0.0,0.9,2
DINOv2_ntu,DINOv2,ntu,33,0.648344967217182,10,0.2,0.1,0.5,2
DINOv2_ntu,DINOv2,ntu,34,0.6540587641558427,10,0.2,0.1,0.7,2
DINOv2_ntu,DINOv2,ntu,35,0.652827821176773,10,0.2,0.1,0.9,2
DINOv2_ntu,DINOv2,ntu,36,0.634299239253927,15,0.1,0.0,0.5,2
DINOv2_ntu,DINOv2,ntu,37,0.640971125122625,15,0.1,0.0,0.7,2
DINOv2_ntu,DINOv2,ntu,38,0.6440046872206142,15,0.1,0.0,0.9,2
DINOv2_ntu,DINOv2,ntu,39,0.6397626634042032,15,0.1,0.1,0.5,2
DINOv2_ntu,DINOv2,ntu,40,0.6440730239645771,15,0.1,0.1,0.7,2
DINOv2_ntu,DINOv2,ntu,41,0.6441504405300589,15,0.1,0.1,0.9,2
DINOv2_ntu,DINOv2,ntu,42,0.6285411306380152,15,0.2,0.0,0.5,2
DINOv2_ntu,DINOv2,ntu,43,0.6345307198975686,15,0.2,0.0,0.7,2
DINOv2_ntu,DINOv2,ntu,44,0.63245894290067,15,0.2,0.0,0.9,2
DINOv2_ntu,DINOv2,ntu,45,0.6341917953245514,15,0.2,0.1,0.5,2
DINOv2_ntu,DINOv2,ntu,46,0.6376531835690646,15,0.2,0.1,0.7,2
DINOv2_ntu,DINOv2,ntu,47,0.6327036689436043,15,0.2,0.1,0.9,2
OpenCLIP_L14_abo,OpenCLIP_L14,abo,0,0.6930041736722642,5,0.1,0.0,0.5,2
OpenCLIP_L14_abo,OpenCLIP_L14,abo,1,0.6943552995149671,5,0.1,0.0,0.7,2
OpenCLIP_L14_abo,OpenCLIP_L14,abo,2,0.6897033873843239,5,0.1,0.0,0.9,2
OpenCLIP_L14_abo,OpenCLIP_L14,abo,3,0.6923462478837217,5,0.1,0.1,0.5,2
OpenCLIP_L14_abo,OpenCLIP_L14,abo,4,0.6932669267897612,5,0.1,0.1,0.7,2
OpenCLIP_L14_abo,OpenCLIP_L14,abo,5,0.6884281410772298,5,0.1,0.1,0.9,2
OpenCLIP_L14_abo,OpenCLIP_L14,abo,6,0.6997672832317935,5,0.2,0.0,0.5,2
OpenCLIP_L14_abo,OpenCLIP_L14,abo,7,0.7046973814842294,5,0.2,0.0,0.7,2
OpenCLIP_L14_abo,OpenCLIP_L14,abo,8,0.694191454176862,5,0.2,0.0,0.9,2
OpenCLIP_L14_abo,OpenCLIP_L14,abo,9,0.6993866040041211,5,0.2,0.1,0.5,2
OpenCLIP_L14_abo,OpenCLIP_L14,abo,10,0.7043767751289907,5,0.2,0.1,0.7,2
OpenCLIP_L14_abo,OpenCLIP_L14,abo,11,0.6920204308010357,5,0.2,0.1,0.9,2
OpenCLIP_L14_abo,OpenCLIP_L14,abo,12,0.6942984707588724,7,0.1,0.0,0.5,2
OpenCLIP_L14_abo,OpenCLIP_L14,abo,13,0.6985835624527219,7,0.1,0.0,0.7,2
OpenCLIP_L14_abo,OpenCLIP_L14,abo,14,0.6945243490718034,7,0.1,0.0,0.9,2
OpenCLIP_L14_abo,OpenCLIP_L14,abo,15,0.6941586003062158,7,0.1,0.1,0.5,2
OpenCLIP_L14_abo,OpenCLIP_L14,abo,16,0.6968154691693712,7,0.1,0.1,0.7,2
OpenCLIP_L14_abo,OpenCLIP_L14,abo,17,0.6927416638501712,7,0.1,0.1,0.9,2
OpenCLIP_L14_abo,OpenCLIP_L14,abo,18,0.7005896717057697,7,0.2,0.0,0.5,2
OpenCLIP_L14_abo,OpenCLIP_L14,abo,19,0.7081009539693309,7,0.2,0.0,0.7,2
OpenCLIP_L14_abo,OpenCLIP_L14,abo,20,0.7024113127113015,7,0.2,0.0,0.9,2
OpenCLIP_L14_abo,OpenCLIP_L14,abo,21,0.7016208317454681,7,0.2,0.1,0.5,2
OpenCLIP_L14_abo,OpenCLIP_L14,abo,22,0.7076378454583517,7,0.2,0.1,0.7,2
OpenCLIP_L14_abo,OpenCLIP_L14,abo,23,0.7020666167769201,7,0.2,0.1,0.9,2
OpenCLIP_L14_abo,OpenCLIP_L14,abo,24,0.6960349105193623,10,0.1,0.0,0.5,2
OpenCLIP_L14_abo,OpenCLIP_L14,abo,25,0.7012978631357872,10,0.1,0.0,0.7,2
OpenCLIP_L14_abo,OpenCLIP_L14,abo,26,0.6999726984920492,10,0.1,0.0,0.9,2
OpenCLIP_L14_abo,OpenCLIP_L14,abo,27,0.6968344848600648,10,0.1,0.1,0.5,2
OpenCLIP_L14_abo,OpenCLIP_L14,abo,28,0.701010338468523,10,0.1,0.1,0.7,2
OpenCLIP_L14_abo,OpenCLIP_L14,abo,29,0.700686246106303,10,0.1,0.1,0.9,2
OpenCLIP_L14_abo,OpenCLIP_L14,abo,30,0.6972991881015267,10,0.2,0.0,0.5,2
OpenCLIP_L14_abo,OpenCLIP_L14,abo,31,0.7051072571689952,10,0.2,0.0,0.7,2
OpenCLIP_L14_abo,OpenCLIP_L14,abo,32,0.6996032883385992,10,0.2,0.0,0.9,2
OpenCLIP_L14_abo,OpenCLIP_L14,abo,33,0.7001715478478833,10,0.2,0.1,0.5,2
OpenCLIP_L14_abo,OpenCLIP_L14,abo,34,0.7052031733146941,10,0.2,0.1,0.7,2
OpenCLIP_L14_abo,OpenCLIP_L14,abo,35,0.6988053099256537,10,0.2,0.1,0.9,2
OpenCLIP_L14_abo,OpenCLIP_L14,abo,36,0.6922812155331886,15,0.1,0.0,0.5,2
OpenCLIP_L14_abo,OpenCLIP_L14,abo,37,0.7005649194128529,15,0.1,0.0,0.7,2
OpenCLIP_L14_abo,OpenCLIP_L14,abo,38,0.6976951932829246,15,0.1,0.0,0.9,2
OpenCLIP_L14_abo,OpenCLIP_L14,abo,39,0.695298148098311,15,0.1,0.1,0.5,2
OpenCLIP_L14_abo,OpenCLIP_L14,abo,40,0.7010006409676648,15,0.1,0.1,0.7,2
OpenCLIP_L14_abo,OpenCLIP_L14,abo,41,0.6972361576299732,15,0.1,0.1,0.9,2
OpenCLIP_L14_abo,OpenCLIP_L14,abo,42,0.6918264886182284,15,0.2,0.0,0.5,2
OpenCLIP_L14_abo,OpenCLIP_L14,abo,43,0.7008299053847435,15,0.2,0.0,0.7,2
OpenCLIP_L14_abo,OpenCLIP_L14,abo,44,0.6899286129895279,15,0.2,0.0,0.9,2
OpenCLIP_L14_abo,OpenCLIP_L14,abo,45,0.6951885289502248,15,0.2,0.1,0.5,2
OpenCLIP_L14_abo,OpenCLIP_L14,abo,46,0.7019331623618912,15,0.2,0.1,0.7,2
OpenCLIP_L14_abo,OpenCLIP_L14,abo,47,0.6893586399083543,15,0.2,0.1,0.9,2
OpenCLIP_L14_esb,OpenCLIP_L14,esb,0,0.6862151193068032,5,0.1,0.0,0.5,2
OpenCLIP_L14_esb,OpenCLIP_L14,esb,1,0.6874472196981095,5,0.1,0.0,0.7,2
OpenCLIP_L14_esb,OpenCLIP_L14,esb,2,0.6834631181073598,5,0.1,0.0,0.9,2
OpenCLIP_L14_esb,OpenCLIP_L14,esb,3,0.6846908438366396,5,0.1,0.1,0.5,2
OpenCLIP_L14_esb,OpenCLIP_L14,esb,4,0.6864339718571528,5,0.1,0.1,0.7,2
OpenCLIP_L14_esb,OpenCLIP_L14,esb,5,0.6814404965450841,5,0.1,0.1,0.9,2
OpenCLIP_L14_esb,OpenCLIP_L14,esb,6,0.6975431773044292,5,0.2,0.0,0.5,2
OpenCLIP_L14_esb,OpenCLIP_L14,esb,7,0.6981456766147937,5,0.2,0.0,0.7,2
OpenCLIP_L14_esb,OpenCLIP_L14,esb,8,0.6854401074782712,5,0.2,0.0,0.9,2
OpenCLIP_L14_esb,OpenCLIP_L14,esb,9,0.697695776554468,5,0.2,0.1,0.5,2
OpenCLIP_L14_esb,OpenCLIP_L14,esb,10,0.6976259801580252,5,0.2,0.1,0.7,2
OpenCLIP_L14_esb,OpenCLIP_L14,esb,11,0.6890565847930794,5,0.2,0.1,0.9,2
OpenCLIP_L14_esb,OpenCLIP_L14,esb,12,0.6855377040009623,7,0.1,0.0,0.5,2
OpenCLIP_L14_esb,OpenCLIP_L14,esb,13,0.6883721981088333,7,0.1,0.0,0.7,2
OpenCLIP_L14_esb,OpenCLIP_L14,esb,14,0.6839227181793933,7,0.1,0.0,0.9,2
OpenCLIP_L14_esb,OpenCLIP_L14,esb,15,0.6865280183406772,7,0.1,0.1,0.5,2
OpenCLIP_L14_esb,OpenCLIP_L14,esb,16,0.6882041488774605,7,0.1,0.1,0.7,2
OpenCLIP_L14_esb,OpenCLIP_L14,esb,17,0.6819307832349394,7,0.1,0.1,0.9,2
OpenCLIP_L14_esb,OpenCLIP_L14,esb,18,0.6900929007217443,7,0.2,0.0,0.5,2
OpenCLIP_L14_esb,OpenCLIP_L14,esb,19,0.6888290829532486,7,0.2,0.0,0.7,2
OpenCLIP_L14_esb,OpenCLIP_L14,esb,20,0.6893784251920395,7,0.2,0.0,0.9,2
OpenCLIP_L14_esb,OpenCLIP_L14,esb,21,0.6903382995363752,7,0.2,0.1,0.5,2
OpenCLIP_L14_esb,OpenCLIP_L14,esb,22,0.6904376866048649,7,0.2,0.1,0.7,2
OpenCLIP_L14_esb,OpenCLIP_L14,esb,23,0.6888454131270407,7,0.2,0.1,0.9,2
OpenCLIP_L14_esb,OpenCLIP_L14,esb,24,0.6830351748143261,10,0.1,0.0,0.5,2
OpenCLIP_L14_esb,OpenCLIP_L14,esb,25,0.6890344872884787,10,0.1,0.0,0.7,2
OpenCLIP_L14_esb,OpenCLIP_L14,esb,26,0.6777573374824521,10,0.1,0.0,0.9,2
OpenCLIP_L14_esb,OpenCLIP_L14,esb,27,0.6850816765982319,10,0.1,0.1,0.5,2
OpenCLIP_L14_esb,OpenCLIP_L14,esb,28,0.6869148042975881,10,0.1,0.1,0.7,2
OpenCLIP_L14_esb,OpenCLIP_L14,esb,29,0.6789608720441495,10,0.1,0.1,0.9,2
OpenCLIP_L14_esb,OpenCLIP_L14,esb,30,0.6806842064958931,10,0.2,0.0,0.5,2
OpenCLIP_L14_esb,OpenCLIP_L14,esb,31,0.6854748150255735,10,0.2,0.0,0.7,2
OpenCLIP_L14_esb,OpenCLIP_L14,esb,32,0.6741676400382073,10,0.2,0.0,0.9,2
OpenCLIP_L14_esb,OpenCLIP_L14,esb,33,0.6847902197120932,10,0.2,0.1,0.5,2
OpenCLIP_L14_esb,OpenCLIP_L14,esb,34,0.6861672511515534,10,0.2,0.1,0.7,2
OpenCLIP_L14_esb,OpenCLIP_L14,esb,35,0.6750964938214369,10,0.2,0.1,0.9,2
OpenCLIP_L14_esb,OpenCLIP_L14,esb,36,0.6759001595900458,15,0.1,0.0,0.5,2
OpenCLIP_L14_esb,OpenCLIP_L14,esb,37,0.6693749291187153,15,0.1,0.0,0.7,2
OpenCLIP_L14_esb,OpenCLIP_L14,esb,38,0.6469351360982319,15,0.1,0.0,0.9,2
OpenCLIP_L14_esb,OpenCLIP_L14,esb,39,0.6771761491787294,15,0.1,0.1,0.5,2
OpenCLIP_L14_esb,OpenCLIP_L14,esb,40,0.6712921444587693,15,0.1,0.1,0.7,2
OpenCLIP_L14_esb,OpenCLIP_L14,esb,41,0.6440137199323428,15,0.1,0.1,0.9,2
OpenCLIP_L14_esb,OpenCLIP_L14,esb,42,0.6698051468230865,15,0.2,0.0,0.5,2
OpenCLIP_L14_esb,OpenCLIP_L14,esb,43,0.6620100363772513,15,0.2,0.0,0.7,2
OpenCLIP_L14_esb,OpenCLIP_L14,esb,44,0.627992315263474,15,0.2,0.0,0.9,2
OpenCLIP_L14_esb,OpenCLIP_L14,esb,45,0.6714284107045455,15,0.2,0.1,0.5,2
OpenCLIP_L14_esb,OpenCLIP_L14,esb,46,0.662421869484504,15,0.2,0.1,0.7,2
OpenCLIP_L14_esb,OpenCLIP_L14,esb,47,0.6242848621062966,15,0.2,0.1,0.9,2
OpenCLIP_L14_mn40,OpenCLIP_L14,mn40,0,0.7548506945610964,5,0.1,0.0,0.5,2
OpenCLIP_L14_mn40,OpenCLIP_L14,mn40,1,0.7588224694944199,5,0.1,0.0,0.7,2
OpenCLIP_L14_mn40,OpenCLIP_L14,mn40,2,0.7582453534952236,5,0.1,0.0,0.9,2
OpenCLIP_L14_mn40,OpenCLIP_L14,mn40,3,0.7552211449255306,5,0.1,0.1,0.5,2
OpenCLIP_L14_mn40,OpenCLIP_L14,mn40,4,0.7592452036109492,5,0.1,0.1,0.7,2
OpenCLIP_L14_mn40,OpenCLIP_L14,mn40,5,0.7577032064426735,5,0.1,0.1,0.9,2
OpenCLIP_L14_mn40,OpenCLIP_L14,mn40,6,0.7599406913555852,5,0.2,0.0,0.5,2
OpenCLIP_L14_mn40,OpenCLIP_L14,mn40,7,0.7667005291831339,5,0.2,0.0,0.7,2
OpenCLIP_L14_mn40,OpenCLIP_L14,mn40,8,0.7634390368233301,5,0.2,0.0,0.9,2
OpenCLIP_L14_mn40,OpenCLIP_L14,mn40,9,0.7608242204852748,5,0.2,0.1,0.5,2
OpenCLIP_L14_mn40,OpenCLIP_L14,mn40,10,0.7664012761977894,5,0.2,0.1,0.7,2
OpenCLIP_L14_mn40,OpenCLIP_L14,mn40,11,0.7626782939113708,5,0.2,0.1,0.9,2
OpenCLIP_L14_mn40,OpenCLIP_L14,mn40,12,0.7538355201543927,7,0.1,0.0,0.5,2
OpenCLIP_L14_mn40,OpenCLIP_L14,mn40,13,0.7585435534051126,7,0.1,0.0,0.7,2
OpenCLIP_L14_mn40,OpenCLIP_L14,mn40,14,0.7562201628859426,7,0.1,0.0,0.9,2
OpenCLIP_L14_mn40,OpenCLIP_L14,mn40,15,0.7548865602059035,7,0.1,0.1,0.5,2
OpenCLIP_L14_mn40,OpenCLIP_L14,mn40,16,0.7586654324369022,7,0.1,0.1,0.7,2
OpenCLIP_L14_mn40,OpenCLIP_L14,mn40,17,0.7559495942203809,7,0.1,0.1,0.9,2
OpenCLIP_L14_mn40,OpenCLIP_L14,mn40,18,0.7576699791539241,7,0.2,0.0,0.5,2
OpenCLIP_L14_mn40,OpenCLIP_L14,mn40,19,0.7626616675423035,7,0.2,0.0,0.7,2
OpenCLIP_L14_mn40,OpenCLIP_L14,mn40,20,0.7560737073686081,7,0.2,0.0,0.9,2
OpenCLIP_L14_mn40,OpenCLIP_L14,mn40,21,0.7598011943636511,7,0.2,0.1,0.5,2
OpenCLIP_L14_mn40,OpenCLIP_L14,mn40,22,0.7634268352363167,7,0.2,0.1,0.7,2
OpenCLIP_L14_mn40,OpenCLIP_L14,mn40,23,0.7549586739026741,7,0.2,0.1,0.9,2
OpenCLIP_L14_mn40,OpenCLIP_L14,mn40,24,0.7498911792378409,10,0.1,0.0,0.5,2
OpenCLIP_L14_mn40,OpenCLIP_L14,mn40,25,0.755669139131135,10,0.1,0.0,0.7,2
OpenCLIP_L14_mn40,OpenCLIP_L14,mn40,26,0.7500830433047554,10,0.1,0.0,0.9,2
OpenCLIP_L14_mn40,OpenCLIP_L14,mn40,27,0.7509747341193677,10,0.1,0.1,0.5,2
OpenCLIP_L14_mn40,OpenCLIP_L14,mn40,28,0.756060594833903,10,0.1,0.1,0.7,2
OpenCLIP_L14_mn40,OpenCLIP_L14,mn40,29,0.7513109209488089,10,0.1,0.1,0.9,2
OpenCLIP_L14_mn40,OpenCLIP_L14,mn40,30,0.7507855124793927,10,0.2,0.0,0.5,2
OpenCLIP_L14_mn40,OpenCLIP_L14,mn40,31,0.7524269486498926,10,0.2,0.0,0.7,2
OpenCLIP_L14_mn40,OpenCLIP_L14,mn40,32,0.7369559616229806,10,0.2,0.0,0.9,2
OpenCLIP_L14_mn40,OpenCLIP_L14,mn40,33,0.751805505804078,10,0.2,0.1,0.5,2
OpenCLIP_L14_mn40,OpenCLIP_L14,mn40,34,0.7525812353813798,10,0.2,0.1,0.7,2
OpenCLIP_L14_mn40,OpenCLIP_L14,mn40,35,0.7359386178585756,10,0.2,0.1,0.9,2
OpenCLIP_L14_mn40,OpenCLIP_L14,mn40,36,0.7486393287750648,15,0.1,0.0,0.5,2
OpenCLIP_L14_mn40,OpenCLIP_L14,mn40,37,0.7528754941145934,15,0.1,0.0,0.7,2
OpenCLIP_L14_mn40,OpenCLIP_L14,mn40,38,0.7423557549863256,15,0.1,0.0,0.9,2
OpenCLIP_L14_mn40,OpenCLIP_L14,mn40,39,0.7506239387638024,15,0.1,0.1,0.5,2
OpenCLIP_L14_mn40,OpenCLIP_L14,mn40,40,0.7534330128313933,15,0.1,0.1,0.7,2
OpenCLIP_L14_mn40,OpenCLIP_L14,mn40,41,0.7418488357690141,15,0.1,0.1,0.9,2
OpenCLIP_L14_mn40,OpenCLIP_L14,mn40,42,0.7460678243544796,15,0.2,0.0,0.5,2
OpenCLIP_L14_mn40,OpenCLIP_L14,mn40,43,0.7430991320098939,15,0.2,0.0,0.7,2
OpenCLIP_L14_mn40,OpenCLIP_L14,mn40,44,0.7168114505999469,15,0.2,0.0,0.9,2
OpenCLIP_L14_mn40,OpenCLIP_L14,mn40,45,0.7476052542734823,15,0.2,0.1,0.5,2
OpenCLIP_L14_mn40,OpenCLIP_L14,mn40,46,0.7427405385781378,15,0.2,0.1,0.7,2
OpenCLIP_L14_mn40,OpenCLIP_L14,mn40,47,0.7145098434218113,15,0.2,0.1,0.9,2
OpenCLIP_L14_ntu,OpenCLIP_L14,ntu,0,0.7010140038543219,5,0.1,0.0,0.5,2
OpenCLIP_L14_ntu,OpenCLIP_L14,ntu,1,0.7009142638603048,5,0.1,0.0,0.7,2
OpenCLIP_L14_ntu,OpenCLIP_L14,ntu,2,0.6938937104951384,5,0.1,0.0,0.9,2
OpenCLIP_L14_ntu,OpenCLIP_L14,ntu,3,0.7015971845583503,5,0.1,0.1,0.5,2
OpenCLIP_L14_ntu,OpenCLIP_L14,ntu,4,0.6993080688364761,5,0.1,0.1,0.7,2
OpenCLIP_L14_ntu,OpenCLIP_L14,ntu,5,0.6928830654309083,5,0.1,0.1,0.9,2
OpenCLIP_L14_ntu,OpenCLIP_L14,ntu,6,0.7021796257453826,5,0.2,0.0,0.5,2
OpenCLIP_L14_ntu,OpenCLIP_L14,ntu,7,0.7008584664549247,5,0.2,0.0,0.7,2
OpenCLIP_L14_ntu,OpenCLIP_L14,ntu,8,0.697579155461728,5,0.2,0.0,0.9,2
OpenCLIP_L14_ntu,OpenCLIP_L14,ntu,9,0.7026551684238547,5,0.2,0.1,0.5,2
OpenCLIP_L14_ntu,OpenCLIP_L14,ntu,10,0.6994005868322523,5,0.2,0.1,0.7,2
OpenCLIP_L14_ntu,OpenCLIP_L14,ntu,11,0.6971570473580163,5,0.2,0.1,0.9,2
OpenCLIP_L14_ntu,OpenCLIP_L14,ntu,12,0.700886254389277,7,0.1,0.0,0.5,2
OpenCLIP_L14_ntu,OpenCLIP_L14,ntu,13,0.7015388534444572,7,0.1,0.0,0.7,2
OpenCLIP_L14_ntu,OpenCLIP_L14,ntu,14,0.6997938939506974,7,0.1,0.0,0.9,2
OpenCLIP_L14_ntu,OpenCLIP_L14,ntu,15,0.7011684228759206,7,0.1,0.1,0.5,2
OpenCLIP_L14_ntu,OpenCLIP_L14,ntu,16,0.701662938062012,7,0.1,0.1,0.7,2
OpenCLIP_L14_ntu,OpenCLIP_L14,ntu,17,0.7003790561750741,7,0.1,0.1,0.9,2
OpenCLIP_L14_ntu,OpenCLIP_L14,ntu,18,0.7005451454843091,7,0.2,0.0,0.5,2
OpenCLIP_L14_ntu,OpenCLIP_L14,ntu,19,0.7008306719605603,7,0.2,0.0,0.7,2
OpenCLIP_L14_ntu,OpenCLIP_L14,ntu,20,0.697917570168675,7,0.2,0.0,0.9,2
OpenCLIP_L14_ntu,OpenCLIP_L14,ntu,21,0.7007158133176645,7,0.2,0.1,0.5,2
OpenCLIP_L14_ntu,OpenCLIP_L14,ntu,22,0.7015114704762537,7,0.2,0.1,0.7,2
OpenCLIP_L14_ntu,OpenCLIP_L14,ntu,23,0.6989115150595282,7,0.2,0.1,0.9,2
OpenCLIP_L14_ntu,OpenCLIP_L14,ntu,24,0.6954254321516019,10,0.1,0.0,0.5,2
OpenCLIP_L14_ntu,OpenCLIP_L14,ntu,25,0.6965401448267374,10,0.1,0.0,0.7,2
OpenCLIP_L14_ntu,OpenCLIP_L14,ntu,26,0.6933921000142704,10,0.1,0.0,0.9,2
OpenCLIP_L14_ntu,OpenCLIP_L14,ntu,27,0.6956099685465398,10,0.1,0.1,0.5,2
OpenCLIP_L14_ntu,OpenCLIP_L14,ntu,28,0.696029107044429,10,0.1,0.1,0.7,2
OpenCLIP_L14_ntu,OpenCLIP_L14,ntu,29,0.6932303893944642,10,0.1,0.1,0.9,2
OpenCLIP_L14_ntu,OpenCLIP_L14,ntu,30,0.6915913993876828,10,0.2,0.0,0.5,2
OpenCLIP_L14_ntu,OpenCLIP_L14,ntu,31,0.6910660520623544,10,0.2,0.0,0.7,2
OpenCLIP_L14_ntu,OpenCLIP_L14,ntu,32,0.6739695088720882,10,0.2,0.0,0.9,2
OpenCLIP_L14_ntu,OpenCLIP_L14,ntu,33,0.6920370664039629,10,0.2,0.1,0.5,2
OpenCLIP_L14_ntu,OpenCLIP_L14,ntu,34,0.6911432738051155,10,0.2,0.1,0.7,2
OpenCLIP_L14_ntu,OpenCLIP_L14,ntu,35,0.6720659780456492,10,0.2,0.1,0.9,2
OpenCLIP_L14_ntu,OpenCLIP_L14,ntu,36,0.6845502700455784,15,0.1,0.0,0.5,2
OpenCLIP_L14_ntu,OpenCLIP_L14,ntu,37,0.6833097500854873,15,0.1,0.0,0.7,2
OpenCLIP_L14_ntu,OpenCLIP_L14,ntu,38,0.6671485081680087,15,0.1,0.0,0.9,2
OpenCLIP_L14_ntu,OpenCLIP_L14,ntu,39,0.6862742077898182,15,0.1,0.1,0.5,2
OpenCLIP_L14_ntu,OpenCLIP_L14,ntu,40,0.6840426917390164,15,0.1,0.1,0.7,2
OpenCLIP_L14_ntu,OpenCLIP_L14,ntu,41,0.6665872542632199,15,0.1,0.1,0.9,2
OpenCLIP_L14_ntu,OpenCLIP_L14,ntu,42,0.6767697509434912,15,0.2,0.0,0.5,2
OpenCLIP_L14_ntu,OpenCLIP_L14,ntu,43,0.6661847187505116,15,0.2,0.0,0.7,2
OpenCLIP_L14_ntu,OpenCLIP_L14,ntu,44,0.6314546064113981,15,0.2,0.0,0.9,2
OpenCLIP_L14_ntu,OpenCLIP_L14,ntu,45,0.6781298792283404,15,0.2,0.1,0.5,2
OpenCLIP_L14_ntu,OpenCLIP_L14,ntu,46,0.6645662829133067,15,0.2,0.1,0.7,2
OpenCLIP_L14_ntu,OpenCLIP_L14,ntu,47,0.629952386455925,15,0.2,0.1,0.9,2
