setting,backbone,dataset,batch_size,seed,num_batches,top100_overlap_vs_seed0,mAP,NDCG@100,ANMRR
CLIP_L14_abo,CLIP_L14,abo,single,0,85,1.0,0.6141241311435075,0.5787059224668004,0.40432152502753943
CLIP_L14_abo,CLIP_L14,abo,5,0,17,1.0,0.6383602832612311,0.5768016271596578,0.38418536351401716
CLIP_L14_abo,CLIP_L14,abo,5,1,17,0.7524705882352941,0.6302853979032725,0.5760220745248207,0.39156226179216436
CLIP_L14_abo,CLIP_L14,abo,5,2,17,0.7615294117647058,0.6359305189124242,0.5745515483825168,0.3847635615514304
CLIP_L14_abo,CLIP_L14,abo,5,3,17,0.7517647058823529,0.646040282250908,0.5848058678213639,0.3758508298140221
CLIP_L14_abo,CLIP_L14,abo,5,4,17,0.7490588235294117,0.6346924170532816,0.578690175104739,0.3856240481126658
CLIP_L14_abo,CLIP_L14,abo,10,0,9,1.0,0.6242684525826017,0.56881194881147,0.39377406426369066
CLIP_L14_abo,CLIP_L14,abo,10,1,9,0.6991764705882354,0.6287750839877939,0.5781886204895728,0.3934056676043345
CLIP_L14_abo,CLIP_L14,abo,10,2,9,0.701764705882353,0.625281098276026,0.5766933625380878,0.39588329980533143
CLIP_L14_abo,CLIP_L14,abo,10,3,9,0.708,0.6371371460006806,0.5820348903621442,0.3813374391621151
CLIP_L14_abo,CLIP_L14,abo,10,4,9,0.6925882352941176,0.6302713269925525,0.5794177513036122,0.38719609740605887
CLIP_L14_abo,CLIP_L14,abo,full,0,1,1.0,0.6563578039601321,0.5770988287519316,0.36086248881094835
CLIP_L14_esb,CLIP_L14,esb,single,0,120,1.0,0.5565184074806445,0.23385269915365772,0.4826416087700907
CLIP_L14_esb,CLIP_L14,esb,5,0,24,1.0,0.5757870461126735,0.24032022197710615,0.46754948902384946
CLIP_L14_esb,CLIP_L14,esb,5,1,24,0.7859166666666667,0.5866145526864442,0.2457865275015501,0.465662008784153
CLIP_L14_esb,CLIP_L14,esb,5,2,24,0.8044999999999999,0.5791266749791568,0.24258617609435365,0.4699980073274325
CLIP_L14_esb,CLIP_L14,esb,5,3,24,0.7874166666666667,0.576947982467231,0.23996802163783795,0.48476501928360755
CLIP_L14_esb,CLIP_L14,esb,5,4,24,0.7931666666666667,0.5754060393732978,0.2393154510718948,0.468806297172556
CLIP_L14_esb,CLIP_L14,esb,10,0,12,1.0,0.5685079160493082,0.238305738883275,0.4805777539527055
CLIP_L14_esb,CLIP_L14,esb,10,1,12,0.7536666666666666,0.577937795986662,0.2435352362056222,0.47342911102707497
CLIP_L14_esb,CLIP_L14,esb,10,2,12,0.7536666666666666,0.5772781420848276,0.24436831265541628,0.46631310489287237
CLIP_L14_esb,CLIP_L14,esb,10,3,12,0.7542500000000001,0.5765189529145258,0.240326292056519,0.479266258472931
CLIP_L14_esb,CLIP_L14,esb,10,4,12,0.7643333333333333,0.5865333216213261,0.24162610998382655,0.4574428377583379
CLIP_L14_esb,CLIP_L14,esb,full,0,1,1.0,0.6302641824188077,0.25282682875648843,0.4278649057752683
CLIP_L14_mn40,CLIP_L14,mn40,single,0,160,1.0,0.5782107066884687,0.7073464182490974,0.4376704962302706
CLIP_L14_mn40,CLIP_L14,mn40,5,0,32,1.0,0.615422586178339,0.7286903853052411,0.4044982907112386
CLIP_L14_mn40,CLIP_L14,mn40,5,1,32,0.8366875,0.6145897263985015,0.7220102099705787,0.40533136271470277
CLIP_L14_mn40,CLIP_L14,mn40,5,2,32,0.8344999999999999,0.617587085615208,0.72486206062783,0.40224463443937086
CLIP_L14_mn40,CLIP_L14,mn40,5,3,32,0.837125,0.624484432904939,0.7318164184383447,0.39681144923843853
CLIP_L14_mn40,CLIP_L14,mn40,5,4,32,0.8461875000000001,0.6187833442334789,0.7259315173509678,0.400808237032275
CLIP_L14_mn40,CLIP_L14,mn40,10,0,16,1.0,0.6090201420278799,0.7195756266843307,0.4105719388478667
CLIP_L14_mn40,CLIP_L14,mn40,10,1,16,0.8032499999999999,0.6117184498352066,0.7261844895169869,0.4054402637747156
CLIP_L14_mn40,CLIP_L14,mn40,10,2,16,0.8125,0.614878080400449,0.7251651120632336,0.40440105334355164
CLIP_L14_mn40,CLIP_L14,mn40,10,3,16,0.8050625,0.6163609575190684,0.7293264631128547,0.403138684148513
CLIP_L14_mn40,CLIP_L14,mn40,10,4,16,0.812,0.6158861043043634,0.7258178341306202,0.40316515566082245
CLIP_L14_mn40,CLIP_L14,mn40,full,0,1,1.0,0.6704875755108449,0.7562311630425788,0.3509472400881178
CLIP_L14_ntu,CLIP_L14,ntu,single,0,270,1.0,0.5895497096024458,0.2638824812004725,0.43845272418646025
CLIP_L14_ntu,CLIP_L14,ntu,5,0,54,1.0,0.5850127240384331,0.26195814855678407,0.44360893797027084
CLIP_L14_ntu,CLIP_L14,ntu,5,1,54,0.792074074074074,0.5825582217248877,0.2624563681773708,0.44768604585643196
CLIP_L14_ntu,CLIP_L14,ntu,5,2,54,0.7783703703703705,0.5868889412103625,0.2631366673961489,0.44781213641296597
CLIP_L14_ntu,CLIP_L14,ntu,5,3,54,0.7955925925925926,0.5869308304159548,0.2637633244212908,0.44802778675016364
CLIP_L14_ntu,CLIP_L14,ntu,5,4,54,0.7945555555555556,0.5885950623006643,0.26346792865169355,0.4404224183957321
CLIP_L14_ntu,CLIP_L14,ntu,10,0,27,1.0,0.5746063829329995,0.2596855610533448,0.4531597319519978
CLIP_L14_ntu,CLIP_L14,ntu,10,1,27,0.734,0.5699674053417837,0.2595241723261485,0.4555021317383221
CLIP_L14_ntu,CLIP_L14,ntu,10,2,27,0.7362222222222222,0.5825081291817391,0.2611867787730801,0.447411741418073
CLIP_L14_ntu,CLIP_L14,ntu,10,3,27,0.7307407407407408,0.577796788835645,0.2593374854156449,0.44853883084305773
CLIP_L14_ntu,CLIP_L14,ntu,10,4,27,0.7372592592592593,0.5759424872827422,0.258926468838797,0.4540734902099321
CLIP_L14_ntu,CLIP_L14,ntu,full,0,1,1.0,0.6289085186505249,0.27366429800398434,0.40803121812187293
DINOv2_abo,DINOv2,abo,single,0,85,1.0,0.6364289914857777,0.579289530571215,0.3909328229471087
DINOv2_abo,DINOv2,abo,5,0,17,1.0,0.6501015824523898,0.5853397073223028,0.3789763991981187
DINOv2_abo,DINOv2,abo,5,1,17,0.8807058823529411,0.6428900993678578,0.5813004027391784,0.38597735405066724
DINOv2_abo,DINOv2,abo,5,2,17,0.8848235294117647,0.6428942786143732,0.5774685642845063,0.38731540136787906
DINOv2_abo,DINOv2,abo,5,3,17,0.8925882352941179,0.6419547946669227,0.5781395050923969,0.3869542335823206
DINOv2_abo,DINOv2,abo,5,4,17,0.8692941176470589,0.6436385410487241,0.5783014965536439,0.3833508922424792
DINOv2_abo,DINOv2,abo,10,0,9,1.0,0.6561208564514247,0.5883860714474196,0.37411857746436195
DINOv2_abo,DINOv2,abo,10,1,9,0.8316470588235295,0.6531454972481984,0.5812000905081762,0.3782674106959189
DINOv2_abo,DINOv2,abo,10,2,9,0.8380000000000001,0.6493549010167714,0.5789966397749912,0.38597027420974156
DINOv2_abo,DINOv2,abo,10,3,9,0.8583529411764702,0.6460547678620274,0.5819752664136445,0.38020283996910964
DINOv2_abo,DINOv2,abo,10,4,9,0.83,0.6526264936934483,0.5814776539604892,0.37292552318641664
DINOv2_abo,DINOv2,abo,full,0,1,1.0,0.6763183049438112,0.5814958546476031,0.3546953947380551
DINOv2_esb,DINOv2,esb,single,0,120,1.0,0.586411910230144,0.23847549238605778,0.4487138133616944
DINOv2_esb,DINOv2,esb,5,0,24,1.0,0.5919495385183571,0.24078713279760797,0.45721069764531
DINOv2_esb,DINOv2,esb,5,1,24,0.8451666666666668,0.5989082686109869,0.2432234815253847,0.44099855998080456
DINOv2_esb,DINOv2,esb,5,2,24,0.8578333333333333,0.592710217060139,0.24145166681553745,0.44964347971190827
DINOv2_esb,DINOv2,esb,5,3,24,0.8498333333333332,0.6077503069155006,0.2421831262137647,0.4292868179841531
DINOv2_esb,DINOv2,esb,5,4,24,0.856,0.5907725772246408,0.24078041309754844,0.44835314106811386
DINOv2_esb,DINOv2,esb,10,0,12,1.0,0.6036227165894634,0.24153241290311497,0.4426181833322744
DINOv2_esb,DINOv2,esb,10,1,12,0.8069166666666666,0.597493802522325,0.24256631226453723,0.4561709304167375
DINOv2_esb,DINOv2,esb,10,2,12,0.8253333333333333,0.600672474782309,0.24282407599402767,0.4427363901890953
DINOv2_esb,DINOv2,esb,10,3,12,0.8143333333333335,0.6057281700108251,0.2425279246742153,0.43956775687287003
DINOv2_esb,DINOv2,esb,10,4,12,0.82525,0.6003003266112905,0.24376632335575305,0.44809219191372324
DINOv2_esb,DINOv2,esb,full,0,1,1.0,0.6241169216445098,0.24956848609220736,0.4295753137011744
DINOv2_mn40,DINOv2,mn40,single,0,160,1.0,0.6467941133979649,0.7609942554358364,0.3779279598557873
DINOv2_mn40,DINOv2,mn40,5,0,32,1.0,0.672846680587592,0.7720004322492642,0.35628324026249947
DINOv2_mn40,DINOv2,mn40,5,1,32,0.9087500000000001,0.671835551321724,0.7691199748450501,0.3565536248241349
DINOv2_mn40,DINOv2,mn40,5,2,32,0.9033125,0.6736832045873097,0.7716365025397256,0.3552665735511322
DINOv2_mn40,DINOv2,mn40,5,3,32,0.9085000000000001,0.674894695713045,0.7725276452506764,0.3554298797358046
DINOv2_mn40,DINOv2,mn40,5,4,32,0.9113125,0.6694492130995608,0.769320382762763,0.35930016853368657
DINOv2_mn40,DINOv2,mn40,10,0,16,1.0,0.6830274487706722,0.7740579396634951,0.34784972554185806
DINOv2_mn40,DINOv2,mn40,10,1,16,0.89175,0.6789097183100508,0.7710003404160242,0.3515438991142947
DINOv2_mn40,DINOv2,mn40,10,2,16,0.8907499999999999,0.6806843395945805,0.774578147305635,0.35026483056340985
DINOv2_mn40,DINOv2,mn40,10,3,16,0.8927499999999998,0.685776524733367,0.7765391879410781,0.34670798092225247
DINOv2_mn40,DINOv2,mn40,10,4,16,0.8935625,0.6883163046561599,0.7771280434495546,0.3438521436086024
DINOv2_mn40,DINOv2,mn40,full,0,1,1.0,0.716823875364941,0.7855811594244122,0.31562814708485826
DINOv2_ntu,DINOv2,ntu,single,0,270,1.0,0.617969518608397,0.27017659247747855,0.41228932484577296
DINOv2_ntu,DINOv2,ntu,5,0,54,1.0,0.6170350005040253,0.2691104389711301,0.4154872735199264
DINOv2_ntu,DINOv2,ntu,5,1,54,0.8921481481481482,0.6186834265878853,0.27055665891473035,0.41213694677918183
DINOv2_ntu,DINOv2,ntu,5,2,54,0.8891481481481481,0.6198259740886026,0.2703887693461215,0.41275677533779626
DINOv2_ntu,DINOv2,ntu,5,3,54,0.8922962962962963,0.6184717872448269,0.2709298148998796,0.41468182143812
DINOv2_ntu,DINOv2,ntu,5,4,54,0.899222222222222,0.6203254726950136,0.2708507899573549,0.41109264697198056
DINOv2_ntu,DINOv2,ntu,10,0,27,1.0,0.6201576127950527,0.2704645164287382,0.41174799963582825
DINOv2_ntu,DINOv2,ntu,10,1,27,0.8284444444444444,0.6221908025395455,0.2721123996324026,0.40995025208919783
DINOv2_ntu,DINOv2,ntu,10,2,27,0.8335925925925926,0.6221337497332694,0.27110773296412305,0.41143104137723224
DINOv2_ntu,DINOv2,ntu,10,3,27,0.8354814814814814,0.6178916094251274,0.2702356476148513,0.4163334360094366
DINOv2_ntu,DINOv2,ntu,10,4,27,0.8293703703703704,0.6239727266930939,0.27213138434719797,0.40843529390193395
DINOv2_ntu,DINOv2,ntu,full,0,1,1.0,0.6606099330727522,0.281180526839193,0.37857971199367163
OpenCLIP_L14_abo,OpenCLIP_L14,abo,single,0,85,1.0,0.6499378287564244,0.5808010440829234,0.3712503705657943
OpenCLIP_L14_abo,OpenCLIP_L14,abo,5,0,17,1.0,0.6835789802683313,0.5910816411880191,0.3369832796479203
OpenCLIP_L14_abo,OpenCLIP_L14,abo,5,1,17,0.8117647058823529,0.6673418489429193,0.5843269766082381,0.35453103802431823
OpenCLIP_L14_abo,OpenCLIP_L14,abo,5,2,17,0.8104705882352939,0.6819609558408943,0.5877797163539781,0.33652818790413913
OpenCLIP_L14_abo,OpenCLIP_L14,abo,5,3,17,0.8167058823529412,0.6738403619980695,0.5870895576530519,0.3495768748608702
OpenCLIP_L14_abo,OpenCLIP_L14,abo,5,4,17,0.7929411764705883,0.6717029513646411,0.5869835395694595,0.34947047225142813
OpenCLIP_L14_abo,OpenCLIP_L14,abo,10,0,9,1.0,0.6807256094527899,0.5845399330455774,0.34276730730199706
OpenCLIP_L14_abo,OpenCLIP_L14,abo,10,1,9,0.7594117647058823,0.6679220760015626,0.5779398544919154,0.35667248839631277
OpenCLIP_L14_abo,OpenCLIP_L14,abo,10,2,9,0.7431764705882352,0.6821598104038064,0.59459628427293,0.33835424817589793
OpenCLIP_L14_abo,OpenCLIP_L14,abo,10,3,9,0.7634117647058826,0.6768778701114035,0.5913707253388604,0.3480396000419281
OpenCLIP_L14_abo,OpenCLIP_L14,abo,10,4,9,0.7534117647058824,0.6750528498197439,0.5849324876198124,0.344470098380218
OpenCLIP_L14_abo,OpenCLIP_L14,abo,full,0,1,1.0,0.7046968741438364,0.5889731358125629,0.31928912542925575
OpenCLIP_L14_esb,OpenCLIP_L14,esb,single,0,120,1.0,0.6273425217135883,0.25230147367329037,0.4146296645041954
OpenCLIP_L14_esb,OpenCLIP_L14,esb,5,0,24,1.0,0.6403209019031817,0.2560809256718833,0.4029657102461595
OpenCLIP_L14_esb,OpenCLIP_L14,esb,5,1,24,0.7969166666666666,0.6494850331505719,0.25859458610136776,0.401053055309472
OpenCLIP_L14_esb,OpenCLIP_L14,esb,5,2,24,0.8153333333333334,0.6411452589483612,0.25729264354712883,0.40963947650374366
OpenCLIP_L14_esb,OpenCLIP_L14,esb,5,3,24,0.8158333333333333,0.641685423454609,0.2569839254275091,0.3988863368035993
OpenCLIP_L14_esb,OpenCLIP_L14,esb,5,4,24,0.8079166666666667,0.6478108761012876,0.25665827701543964,0.39754903774973915
OpenCLIP_L14_esb,OpenCLIP_L14,esb,10,0,12,1.0,0.6424035770311876,0.256245693973895,0.40497449037740446
OpenCLIP_L14_esb,OpenCLIP_L14,esb,10,1,12,0.76225,0.635176585148662,0.2559805707069212,0.4071137638623498
OpenCLIP_L14_esb,OpenCLIP_L14,esb,10,2,12,0.7673333333333333,0.64256023633022,0.2588040456020473,0.40574183068688885
OpenCLIP_L14_esb,OpenCLIP_L14,esb,10,3,12,0.7726666666666666,0.6390074046842585,0.2563290384661255,0.4118716939969352
OpenCLIP_L14_esb,OpenCLIP_L14,esb,10,4,12,0.7838333333333334,0.6510216130093696,0.2593968767157081,0.39443362092182926
OpenCLIP_L14_esb,OpenCLIP_L14,esb,full,0,1,1.0,0.6981456766147937,0.27097403724668656,0.35645637236577427
OpenCLIP_L14_mn40,OpenCLIP_L14,mn40,single,0,160,1.0,0.6900472483866849,0.7850724893110679,0.33738653348500464
OpenCLIP_L14_mn40,OpenCLIP_L14,mn40,5,0,32,1.0,0.7126210000011548,0.7966934260654559,0.3188164594686128
OpenCLIP_L14_mn40,OpenCLIP_L14,mn40,5,1,32,0.8691875,0.7127504504047673,0.7977128818653123,0.31685807189254256
OpenCLIP_L14_mn40,OpenCLIP_L14,mn40,5,2,32,0.8705,0.7104820442981034,0.7933747755406266,0.3201644245033618
OpenCLIP_L14_mn40,OpenCLIP_L14,mn40,5,3,32,0.8747499999999999,0.7152353322467304,0.7966396294919783,0.3145302933831323
OpenCLIP_L14_mn40,OpenCLIP_L14,mn40,5,4,32,0.8769375,0.7107954645199474,0.7938192194578431,0.3191423368224855
OpenCLIP_L14_mn40,OpenCLIP_L14,mn40,10,0,16,1.0,0.7160534583269127,0.7975749886036267,0.31524939657941536
OpenCLIP_L14_mn40,OpenCLIP_L14,mn40,10,1,16,0.845875,0.712388919270728,0.7970438481561379,0.31689949854400745
OpenCLIP_L14_mn40,OpenCLIP_L14,mn40,10,2,16,0.8556874999999999,0.7132760594429065,0.7968527134641644,0.31853098884864933
OpenCLIP_L14_mn40,OpenCLIP_L14,mn40,10,3,16,0.8542500000000001,0.718936125589645,0.7994080337082803,0.31314466860351803
OpenCLIP_L14_mn40,OpenCLIP_L14,mn40,10,4,16,0.8505625,0.7141767317810153,0.7962235276565466,0.3168083098533282
OpenCLIP_L14_mn40,OpenCLIP_L14,mn40,full,0,1,1.0,0.7608242306927641,0.8114536241604426,0.2707831455064794
OpenCLIP_L14_ntu,OpenCLIP_L14,ntu,single,0,270,1.0,0.6559815111357353,0.2826664897551603,0.3755368290253204
OpenCLIP_L14_ntu,OpenCLIP_L14,ntu,5,0,54,1.0,0.6555546061722436,0.2813698016019606,0.38340343139431915
OpenCLIP_L14_ntu,OpenCLIP_L14,ntu,5,1,54,0.8161111111111111,0.6565105803098241,0.2836627639356834,0.3790487465704002
OpenCLIP_L14_ntu,OpenCLIP_L14,ntu,5,2,54,0.809,0.659685775614823,0.2829794995323918,0.37556603947073347
OpenCLIP_L14_ntu,OpenCLIP_L14,ntu,5,3,54,0.8145925925925925,0.6665688921531558,0.2848194124461355,0.3699055835900559
OpenCLIP_L14_ntu,OpenCLIP_L14,ntu,5,4,54,0.826037037037037,0.6564596603129694,0.2826542361257035,0.38045649025211514
OpenCLIP_L14_ntu,OpenCLIP_L14,ntu,10,0,27,1.0,0.6508711233015796,0.28090078040614247,0.38473628330503434
OpenCLIP_L14_ntu,OpenCLIP_L14,ntu,10,1,27,0.7684444444444445,0.6548001177131932,0.2827077977957193,0.38189086153923774
OpenCLIP_L14_ntu,OpenCLIP_L14,ntu,10,2,27,0.7763703703703704,0.6518488114129535,0.28109441216678904,0.38245698190990723
OpenCLIP_L14_ntu,OpenCLIP_L14,ntu,10,3,27,0.7694444444444445,0.6558263984364506,0.28226206602327825,0.3827200667319772
OpenCLIP_L14_ntu,OpenCLIP_L14,ntu,10,4,27,0.7753333333333332,0.6537867835187833,0.2815997588091785,0.3844040730978981
OpenCLIP_L14_ntu,OpenCLIP_L14,ntu,full,0,1,1.0,0.7008584664549247,0.2918075673108734,0.33150005271329136
